{"episode_reward_max": [14.255173138066871], "episode_reward_min": [3.0582444678074285], "episode_reward_mean": 6.8010855445905705, "episode_len_mean": 1442.0, "episode_media": {}, "episodes_this_iter": 5, "policy_reward_min": {"pol0": 0.0, "pol1": 0.0, "pol2": 0.0, "pol3": 0.0}, "policy_reward_max": {"pol0": [12.79998399823927], "pol1": [3.0582444678074285], "pol2": [1.0921160253960374], "pol3": [5.80096154389479]}, "policy_reward_mean": {"pol0": [2.559996799647854], "pol1": [1.180773097753033], "pol2": [0.21842320507920748], "pol3": [2.8418924421104763]}, "custom_metrics": {}, "hist_stats": {"episode_reward": [[6.893077569290826], [6.237665574776169], [3.5612669730115583], [14.255173138066871], [3.0582444678074285]], "episode_lengths": [1442, 1442, 1442, 1442, 1442], "policy_pol0_reward": [0.0, 0.0, 0.0, [12.79998399823927], 0.0], "policy_pol1_reward": [0.0, [1.3904318811301373], 0.0, [1.4551891398276], [3.0582444678074285]], "policy_pol2_reward": [[1.0921160253960374], 0.0, 0.0, 0.0, 0.0], "policy_pol3_reward": [[5.80096154389479], [4.847233693646031], [3.5612669730115583], 0.0, 0.0]}, "sampler_perf": {"mean_raw_obs_processing_ms": 0.4016446637677717, "mean_inference_ms": 2.6648144051174447, "mean_action_processing_ms": 0.1961361428391, "mean_env_wait_ms": 19.99239313544619, "mean_env_render_ms": 0.0}, "off_policy_estimator": {}, "num_healthy_workers": 5, "timesteps_total": 7210, "timesteps_this_iter": 0, "agent_timesteps_total": 28840, "timers": {"sample_time_ms": 34323.142, "sample_throughput": 210.062, "load_time_ms": 24.707, "load_throughput": 291824.832, "learn_time_ms": 201192.639, "learn_throughput": 35.836, "update_time_ms": 5.396}, "info": {"learner": {"pol0": {"learner_stats": {"cur_kl_coeff": 0.2, "cur_lr": 0.00010000000000000002, "total_loss": 15.380263018111387, "policy_loss": -0.007021162002569153, "vf_loss": 15.38588952333882, "vf_explained_var": -0.9081928566453003, "kl": 0.006973308380228197, "entropy": 4.224810253438496, "entropy_coeff": 0.0}}, "pol2": {"learner_stats": {"cur_kl_coeff": 0.2, "cur_lr": 0.00010000000000000002, "total_loss": 0.0437395209357852, "policy_loss": -0.0023675573457564627, "vf_loss": 0.04549896809350057, "vf_explained_var": -0.9796793162290539, "kl": 0.0030405515479048277, "entropy": 4.219441863468715, "entropy_coeff": 0.0}}, "pol3": {"learner_stats": {"cur_kl_coeff": 0.2, "cur_lr": 0.00010000000000000002, "total_loss": 3.1324606936513666, "policy_loss": -0.00695924712788491, "vf_loss": 3.1384859180699225, "vf_explained_var": -0.9098375108270418, "kl": 0.004670135593293549, "entropy": 4.217923852375575, "entropy_coeff": 0.0}}, "pol1": {"learner_stats": {"cur_kl_coeff": 0.2, "cur_lr": 0.00010000000000000002, "total_loss": 0.7217253715065973, "policy_loss": -0.005753856906223865, "vf_loss": 0.7268221327018111, "vf_explained_var": -0.9352384925952979, "kl": 0.003285471776278057, "entropy": 4.283061903431302, "entropy_coeff": 0.0}}}, "num_steps_sampled": 7210, "num_agent_steps_sampled": 28840, "num_steps_trained": 7210, "num_agent_steps_trained": 28840}, "done": false, "episodes_total": 5, "training_iteration": 1, "trial_id": "2b1fc_00000", "experiment_id": "5fb4eb89b62b4dd8ade11a7a1dfab854", "date": "2022-11-28_23-33-52", "timestamp": 1669674832, "time_this_iter_s": 235.530846118927, "time_total_s": 235.530846118927, "pid": 2627078, "hostname": "gmd", "node_ip": "137.204.72.171", "config": {"num_workers": 5, "num_envs_per_worker": 1, "create_env_on_driver": false, "rollout_fragment_length": 200, "batch_mode": "complete_episodes", "gamma": 0.9999, "lr": 0.0001, "train_batch_size": 4000, "model": {"_use_default_native_models": false, "_disable_preprocessor_api": false, "fcnet_hiddens": [256, 256], "fcnet_activation": "tanh", "conv_filters": null, "conv_activation": "relu", "post_fcnet_hiddens": [], "post_fcnet_activation": "relu", "free_log_std": false, "no_final_linear": false, "vf_share_layers": false, "use_lstm": false, "max_seq_len": 20, "lstm_cell_size": 256, "lstm_use_prev_action": false, "lstm_use_prev_reward": false, "_time_major": false, "use_attention": false, "attention_num_transformer_units": 1, "attention_dim": 64, "attention_num_heads": 1, "attention_head_dim": 32, "attention_memory_inference": 50, "attention_memory_training": 50, "attention_position_wise_mlp_dim": 32, "attention_init_gru_gate_bias": 2.0, "attention_use_n_prev_actions": 0, "attention_use_n_prev_rewards": 0, "framestack": true, "dim": 84, "grayscale": false, "zero_mean": true, "custom_model": null, "custom_model_config": {}, "custom_action_dist": null, "custom_preprocessor": null, "lstm_use_prev_action_reward": -1}, "optimizer": {}, "horizon": null, "soft_horizon": false, "no_done_at_end": false, "env": "ReachThePointAviary", "observation_space": null, "action_space": null, "env_config": {}, "remote_worker_envs": false, "remote_env_batch_wait_ms": 0, "env_task_fn": null, "render_env": false, "record_env": false, "clip_rewards": null, "normalize_actions": true, "clip_actions": false, "preprocessor_pref": "deepmind", "log_level": "WARN", "callbacks": "<class 'ray.rllib.agents.callbacks.DefaultCallbacks'>", "ignore_worker_failures": false, "log_sys_usage": true, "fake_sampler": false, "framework": "torch", "eager_tracing": false, "eager_max_retraces": 20, "explore": true, "exploration_config": {"type": "StochasticSampling"}, "evaluation_interval": null, "evaluation_num_episodes": 10, "evaluation_parallel_to_training": false, "in_evaluation": false, "evaluation_config": {}, "evaluation_num_workers": 0, "custom_eval_function": null, "sample_async": false, "sample_collector": "<class 'ray.rllib.evaluation.collectors.simple_list_collector.SimpleListCollector'>", "observation_filter": "NoFilter", "synchronize_filters": true, "tf_session_args": {"intra_op_parallelism_threads": 2, "inter_op_parallelism_threads": 2, "gpu_options": {"allow_growth": true}, "log_device_placement": false, "device_count": {"CPU": 1}, "allow_soft_placement": true}, "local_tf_session_args": {"intra_op_parallelism_threads": 8, "inter_op_parallelism_threads": 8}, "compress_observations": false, "collect_metrics_timeout": 180, "metrics_smoothing_episodes": 100, "min_iter_time_s": 0, "timesteps_per_iteration": 0, "seed": null, "extra_python_environs_for_driver": {}, "extra_python_environs_for_worker": {}, "num_gpus": 2, "_fake_gpus": false, "num_cpus_per_worker": 1, "num_gpus_per_worker": 0, "custom_resources_per_worker": {}, "num_cpus_for_driver": 1, "placement_strategy": "PACK", "input": "sampler", "input_config": {}, "actions_in_input_normalized": false, "input_evaluation": ["is", "wis"], "postprocess_inputs": false, "shuffle_buffer_size": 0, "output": null, "output_compress_columns": ["obs", "new_obs"], "output_max_file_size": 67108864, "multiagent": {"policies": {"pol0": ["<class 'ray.rllib.agents.ppo.ppo_torch_policy.PPOTorchPolicy'>", "Box([-1. -1.  0. -1. -1. -1. -1. -1. -1. -1. -1. -1.  0.  0.  0.  0.  0.  0.\n  0.  0.  0.  0. -1.  0. -1.  0.  0.  0.], [1. 1. 1. 1. 1. 1. 1. 1. 1. 1. 1. 1. 1. 1. 1. 1. 1. 1. 1. 1. 1. 1. 0. 1.\n 0. 1. 0. 1.], (28,), float32)", "Box([-1. -1. -1.], [1. 1. 1.], (3,), float32)", {"agent_id": 0}], "pol1": ["<class 'ray.rllib.agents.ppo.ppo_torch_policy.PPOTorchPolicy'>", "Box([-1. -1.  0. -1. -1. -1. -1. -1. -1. -1. -1. -1.  0.  0.  0.  0.  0.  0.\n  0.  0.  0.  0. -1.  0. -1.  0.  0.  0.], [1. 1. 1. 1. 1. 1. 1. 1. 1. 1. 1. 1. 1. 1. 1. 1. 1. 1. 1. 1. 1. 1. 0. 1.\n 0. 1. 0. 1.], (28,), float32)", "Box([-1. -1. -1.], [1. 1. 1.], (3,), float32)", {"agent_id": 1}], "pol2": ["<class 'ray.rllib.agents.ppo.ppo_torch_policy.PPOTorchPolicy'>", "Box([-1. -1.  0. -1. -1. -1. -1. -1. -1. -1. -1. -1.  0.  0.  0.  0.  0.  0.\n  0.  0.  0.  0. -1.  0. -1.  0.  0.  0.], [1. 1. 1. 1. 1. 1. 1. 1. 1. 1. 1. 1. 1. 1. 1. 1. 1. 1. 1. 1. 1. 1. 0. 1.\n 0. 1. 0. 1.], (28,), float32)", "Box([-1. -1. -1.], [1. 1. 1.], (3,), float32)", {"agent_id": 2}], "pol3": ["<class 'ray.rllib.agents.ppo.ppo_torch_policy.PPOTorchPolicy'>", "Box([-1. -1.  0. -1. -1. -1. -1. -1. -1. -1. -1. -1.  0.  0.  0.  0.  0.  0.\n  0.  0.  0.  0. -1.  0. -1.  0.  0.  0.], [1. 1. 1. 1. 1. 1. 1. 1. 1. 1. 1. 1. 1. 1. 1. 1. 1. 1. 1. 1. 1. 1. 0. 1.\n 0. 1. 0. 1.], (28,), float32)", "Box([-1. -1. -1.], [1. 1. 1.], (3,), float32)", {"agent_id": 3}]}, "policy_map_capacity": 100, "policy_map_cache": null, "policy_mapping_fn": "<function <lambda> at 0x7fb2503b2940>", "policies_to_train": null, "observation_fn": null, "replay_mode": "independent", "count_steps_by": "env_steps"}, "logger_config": null, "_tf_policy_handles_more_than_one_loss": false, "_disable_preprocessor_api": false, "simple_optimizer": false, "monitor": -1, "use_critic": true, "use_gae": true, "lambda": 1.0, "kl_coeff": 0.2, "sgd_minibatch_size": 128, "shuffle_sequences": true, "num_sgd_iter": 30, "lr_schedule": null, "vf_loss_coeff": 1.0, "entropy_coeff": 0.0, "entropy_coeff_schedule": null, "clip_param": 0.3, "vf_clip_param": 10.0, "grad_clip": null, "kl_target": 0.01, "vf_share_layers": -1}, "time_since_restore": 235.530846118927, "timesteps_since_restore": 0, "iterations_since_restore": 1, "perf": {"cpu_util_percent": 45.65222551928783, "ram_util_percent": 51.7272997032641}}
{"episode_reward_max": [22.382233178032795], "episode_reward_min": -745.0, "episode_reward_mean": [-66.20280802406269], "episode_len_mean": 1442.0, "episode_media": {}, "episodes_this_iter": 5, "policy_reward_min": {"pol0": 0.0, "pol1": -745.0, "pol2": 0.0, "pol3": 0.0}, "policy_reward_max": {"pol0": [20.643093814003674], "pol1": [3.0582444678074285], "pol2": [2.4816960117465636], "pol3": [12.233993404190157]}, "policy_reward_mean": {"pol0": [4.819536664091747], "pol1": [-75.63569951472057], "pol2": [0.35738120371426013], "pol3": [4.255973622851872]}, "custom_metrics": {}, "hist_stats": {"episode_reward": [[6.893077569290826], [6.237665574776169], [3.5612669730115583], [14.255173138066871], [3.0582444678074285], [6.346495095822004], [12.233993404190157], [8.003770358375265], [22.382233178032795], -745.0], "episode_lengths": [1442, 1442, 1442, 1442, 1442, 1442, 1442, 1442, 1442, 1442], "policy_pol0_reward": [0.0, 0.0, 0.0, [12.79998399823927], 0.0, [14.752288828674521], 0.0, 0.0, [20.643093814003674], 0.0], "policy_pol1_reward": [0.0, [1.3904318811301373], 0.0, [1.4551891398276], [3.0582444678074285], -19.0, 0.0, 0.0, [1.7391393640291226], -745.0], "policy_pol2_reward": [[1.0921160253960374], 0.0, 0.0, 0.0, 0.0, 0.0, 0.0, [2.4816960117465636], 0.0, 0.0], "policy_pol3_reward": [[5.80096154389479], [4.847233693646031], [3.5612669730115583], 0.0, 0.0, [10.594206267147483], [12.233993404190157], [5.5220743466287], 0.0, 0.0]}, "sampler_perf": {"mean_raw_obs_processing_ms": 0.40777986467732424, "mean_inference_ms": 2.761492892744692, "mean_action_processing_ms": 0.20270139114867236, "mean_env_wait_ms": 20.847304674141224, "mean_env_render_ms": 0.0}, "off_policy_estimator": {}, "num_healthy_workers": 5, "timesteps_total": 14420, "timesteps_this_iter": 0, "agent_timesteps_total": 57680, "timers": {"sample_time_ms": 137771.612, "sample_throughput": 52.333, "load_time_ms": 23.136, "load_throughput": 311641.704, "learn_time_ms": 153321.365, "learn_throughput": 47.025, "update_time_ms": 4.316}, "info": {"learner": {"pol0": {"learner_stats": {"cur_kl_coeff": 0.2, "cur_lr": 0.00010000000000000002, "total_loss": 32.776809588074684, "policy_loss": -0.007873979148765404, "vf_loss": 32.78354415971609, "vf_explained_var": -0.8534807208215907, "kl": 0.0056975337229337175, "entropy": 4.213800844692049, "entropy_coeff": 0.0}}, "pol2": {"learner_stats": {"cur_kl_coeff": 0.1, "cur_lr": 0.00010000000000000002, "total_loss": 0.11120109521074309, "policy_loss": -0.006170409401169135, "vf_loss": 0.11642132739421392, "vf_explained_var": -0.9800391807620015, "kl": 0.009501786735636118, "entropy": 4.240268965846016, "entropy_coeff": 0.0}}, "pol3": {"learner_stats": {"cur_kl_coeff": 0.1, "cur_lr": 0.00010000000000000002, "total_loss": 6.852542079531122, "policy_loss": -0.006436572569821562, "vf_loss": 6.858142794624325, "vf_explained_var": -0.8710985319245429, "kl": 0.008358463862770752, "entropy": 4.1999650259812675, "entropy_coeff": 0.0}}, "pol1": {"learner_stats": {"cur_kl_coeff": 0.1, "cur_lr": 0.00010000000000000002, "total_loss": 63205.65253192463, "policy_loss": -0.0010487392012562072, "vf_loss": 63205.652066607785, "vf_explained_var": -0.48766190372407436, "kl": 0.00683032704210259, "entropy": 4.2523583298637755, "entropy_coeff": 0.0}}}, "num_steps_sampled": 14420, "num_agent_steps_sampled": 57680, "num_steps_trained": 14420, "num_agent_steps_trained": 57680, "num_steps_trained_this_iter": 0}, "done": false, "episodes_total": 10, "training_iteration": 2, "trial_id": "2b1fc_00000", "experiment_id": "5fb4eb89b62b4dd8ade11a7a1dfab854", "date": "2022-11-28_23-36-18", "timestamp": 1669674978, "time_this_iter_s": 145.43848061561584, "time_total_s": 380.96932673454285, "pid": 2627078, "hostname": "gmd", "node_ip": "137.204.72.171", "config": {"num_workers": 5, "num_envs_per_worker": 1, "create_env_on_driver": false, "rollout_fragment_length": 200, "batch_mode": "complete_episodes", "gamma": 0.9999, "lr": 0.0001, "train_batch_size": 4000, "model": {"_use_default_native_models": false, "_disable_preprocessor_api": false, "fcnet_hiddens": [256, 256], "fcnet_activation": "tanh", "conv_filters": null, "conv_activation": "relu", "post_fcnet_hiddens": [], "post_fcnet_activation": "relu", "free_log_std": false, "no_final_linear": false, "vf_share_layers": false, "use_lstm": false, "max_seq_len": 20, "lstm_cell_size": 256, "lstm_use_prev_action": false, "lstm_use_prev_reward": false, "_time_major": false, "use_attention": false, "attention_num_transformer_units": 1, "attention_dim": 64, "attention_num_heads": 1, "attention_head_dim": 32, "attention_memory_inference": 50, "attention_memory_training": 50, "attention_position_wise_mlp_dim": 32, "attention_init_gru_gate_bias": 2.0, "attention_use_n_prev_actions": 0, "attention_use_n_prev_rewards": 0, "framestack": true, "dim": 84, "grayscale": false, "zero_mean": true, "custom_model": null, "custom_model_config": {}, "custom_action_dist": null, "custom_preprocessor": null, "lstm_use_prev_action_reward": -1}, "optimizer": {}, "horizon": null, "soft_horizon": false, "no_done_at_end": false, "env": "ReachThePointAviary", "observation_space": null, "action_space": null, "env_config": {}, "remote_worker_envs": false, "remote_env_batch_wait_ms": 0, "env_task_fn": null, "render_env": false, "record_env": false, "clip_rewards": null, "normalize_actions": true, "clip_actions": false, "preprocessor_pref": "deepmind", "log_level": "WARN", "callbacks": "<class 'ray.rllib.agents.callbacks.DefaultCallbacks'>", "ignore_worker_failures": false, "log_sys_usage": true, "fake_sampler": false, "framework": "torch", "eager_tracing": false, "eager_max_retraces": 20, "explore": true, "exploration_config": {"type": "StochasticSampling"}, "evaluation_interval": null, "evaluation_num_episodes": 10, "evaluation_parallel_to_training": false, "in_evaluation": false, "evaluation_config": {}, "evaluation_num_workers": 0, "custom_eval_function": null, "sample_async": false, "sample_collector": "<class 'ray.rllib.evaluation.collectors.simple_list_collector.SimpleListCollector'>", "observation_filter": "NoFilter", "synchronize_filters": true, "tf_session_args": {"intra_op_parallelism_threads": 2, "inter_op_parallelism_threads": 2, "gpu_options": {"allow_growth": true}, "log_device_placement": false, "device_count": {"CPU": 1}, "allow_soft_placement": true}, "local_tf_session_args": {"intra_op_parallelism_threads": 8, "inter_op_parallelism_threads": 8}, "compress_observations": false, "collect_metrics_timeout": 180, "metrics_smoothing_episodes": 100, "min_iter_time_s": 0, "timesteps_per_iteration": 0, "seed": null, "extra_python_environs_for_driver": {}, "extra_python_environs_for_worker": {}, "num_gpus": 2, "_fake_gpus": false, "num_cpus_per_worker": 1, "num_gpus_per_worker": 0, "custom_resources_per_worker": {}, "num_cpus_for_driver": 1, "placement_strategy": "PACK", "input": "sampler", "input_config": {}, "actions_in_input_normalized": false, "input_evaluation": ["is", "wis"], "postprocess_inputs": false, "shuffle_buffer_size": 0, "output": null, "output_compress_columns": ["obs", "new_obs"], "output_max_file_size": 67108864, "multiagent": {"policies": {"pol0": ["<class 'ray.rllib.agents.ppo.ppo_torch_policy.PPOTorchPolicy'>", "Box([-1. -1.  0. -1. -1. -1. -1. -1. -1. -1. -1. -1.  0.  0.  0.  0.  0.  0.\n  0.  0.  0.  0. -1.  0. -1.  0.  0.  0.], [1. 1. 1. 1. 1. 1. 1. 1. 1. 1. 1. 1. 1. 1. 1. 1. 1. 1. 1. 1. 1. 1. 0. 1.\n 0. 1. 0. 1.], (28,), float32)", "Box([-1. -1. -1.], [1. 1. 1.], (3,), float32)", {"agent_id": 0}], "pol1": ["<class 'ray.rllib.agents.ppo.ppo_torch_policy.PPOTorchPolicy'>", "Box([-1. -1.  0. -1. -1. -1. -1. -1. -1. -1. -1. -1.  0.  0.  0.  0.  0.  0.\n  0.  0.  0.  0. -1.  0. -1.  0.  0.  0.], [1. 1. 1. 1. 1. 1. 1. 1. 1. 1. 1. 1. 1. 1. 1. 1. 1. 1. 1. 1. 1. 1. 0. 1.\n 0. 1. 0. 1.], (28,), float32)", "Box([-1. -1. -1.], [1. 1. 1.], (3,), float32)", {"agent_id": 1}], "pol2": ["<class 'ray.rllib.agents.ppo.ppo_torch_policy.PPOTorchPolicy'>", "Box([-1. -1.  0. -1. -1. -1. -1. -1. -1. -1. -1. -1.  0.  0.  0.  0.  0.  0.\n  0.  0.  0.  0. -1.  0. -1.  0.  0.  0.], [1. 1. 1. 1. 1. 1. 1. 1. 1. 1. 1. 1. 1. 1. 1. 1. 1. 1. 1. 1. 1. 1. 0. 1.\n 0. 1. 0. 1.], (28,), float32)", "Box([-1. -1. -1.], [1. 1. 1.], (3,), float32)", {"agent_id": 2}], "pol3": ["<class 'ray.rllib.agents.ppo.ppo_torch_policy.PPOTorchPolicy'>", "Box([-1. -1.  0. -1. -1. -1. -1. -1. -1. -1. -1. -1.  0.  0.  0.  0.  0.  0.\n  0.  0.  0.  0. -1.  0. -1.  0.  0.  0.], [1. 1. 1. 1. 1. 1. 1. 1. 1. 1. 1. 1. 1. 1. 1. 1. 1. 1. 1. 1. 1. 1. 0. 1.\n 0. 1. 0. 1.], (28,), float32)", "Box([-1. -1. -1.], [1. 1. 1.], (3,), float32)", {"agent_id": 3}]}, "policy_map_capacity": 100, "policy_map_cache": null, "policy_mapping_fn": "<function <lambda> at 0x7fb17e462310>", "policies_to_train": null, "observation_fn": null, "replay_mode": "independent", "count_steps_by": "env_steps"}, "logger_config": null, "_tf_policy_handles_more_than_one_loss": false, "_disable_preprocessor_api": false, "simple_optimizer": false, "monitor": -1, "use_critic": true, "use_gae": true, "lambda": 1.0, "kl_coeff": 0.2, "sgd_minibatch_size": 128, "shuffle_sequences": true, "num_sgd_iter": 30, "lr_schedule": null, "vf_loss_coeff": 1.0, "entropy_coeff": 0.0, "entropy_coeff_schedule": null, "clip_param": 0.3, "vf_clip_param": 10.0, "grad_clip": null, "kl_target": 0.01, "vf_share_layers": -1}, "time_since_restore": 380.96932673454285, "timesteps_since_restore": 0, "iterations_since_restore": 2, "perf": {"cpu_util_percent": 44.405797101449274, "ram_util_percent": 48.745410628019336}}
{"episode_reward_max": [22.382233178032795], "episode_reward_min": -745.0, "episode_reward_mean": [-156.7014575307038], "episode_len_mean": 1442.0, "episode_media": {}, "episodes_this_iter": 5, "policy_reward_min": {"pol0": [-207.27271755343068], "pol1": -745.0, "pol2": 0.0, "pol3": [-240.02573752642047]}, "policy_reward_max": {"pol0": [70.10230319306582], "pol1": [3.0582444678074285], "pol2": [4.263516850939376], "pol3": [84.5429890573731]}, "policy_reward_mean": {"pol0": [-5.775653295525576], "pol1": [-147.2150493070127], "pol2": [0.5224885925387984], "pol3": [-4.233243520704307]}, "custom_metrics": {}, "hist_stats": {"episode_reward": [[6.893077569290826], [6.237665574776169], [3.5612669730115583], [14.255173138066871], [3.0582444678074285], [6.346495095822004], [12.233993404190157], [8.003770358375265], [22.382233178032795], -745.0, [-235.15209960602894], [-591.1167626560632], [13.293248372818264], [-198.62368684625082], [-676.8944819844054]], "episode_lengths": [1442, 1442, 1442, 1442, 1442, 1442, 1442, 1442, 1442, 1442, 1442, 1442, 1442, 1442, 1442], "policy_pol0_reward": [0.0, 0.0, 0.0, [12.79998399823927], 0.0, [14.752288828674521], 0.0, 0.0, [20.643093814003674], 0.0, [70.10230319306582], [2.340248286563747], 0.0, [-207.27271755343068], 0.0], "policy_pol1_reward": [0.0, [1.3904318811301373], 0.0, [1.4551891398276], [3.0582444678074285], -19.0, 0.0, 0.0, [1.7391393640291226], -745.0, -337.0, -678.0, 0.0, 0.0, [-436.8687444579849]], "policy_pol2_reward": [[1.0921160253960374], 0.0, 0.0, 0.0, 0.0, 0.0, 0.0, [2.4816960117465636], 0.0, 0.0, 0.0, 0.0, 0.0, [4.263516850939376], 0.0], "policy_pol3_reward": [[5.80096154389479], [4.847233693646031], [3.5612669730115583], 0.0, 0.0, [10.594206267147483], [12.233993404190157], [5.5220743466287], 0.0, 0.0, [31.74559720090526], [84.5429890573731], [13.293248372818264], [4.385513856240508], [-240.02573752642047]]}, "sampler_perf": {"mean_raw_obs_processing_ms": 0.40457620646354153, "mean_inference_ms": 2.7487863019610144, "mean_action_processing_ms": 0.20165384879808373, "mean_env_wait_ms": 20.76852437344127, "mean_env_render_ms": 0.0}, "off_policy_estimator": {}, "num_healthy_workers": 5, "timesteps_total": 21630, "timesteps_this_iter": 0, "agent_timesteps_total": 86520, "timers": {"sample_time_ms": 137757.06, "sample_throughput": 52.339, "load_time_ms": 21.788, "load_throughput": 330914.274, "learn_time_ms": 134136.251, "learn_throughput": 53.751, "update_time_ms": 4.178}, "info": {"learner": {"pol0": {"learner_stats": {"cur_kl_coeff": 0.2, "cur_lr": 0.00010000000000000002, "total_loss": 7496.999395885638, "policy_loss": -0.0011564601478832109, "vf_loss": 7496.999325550738, "vf_explained_var": -0.5893015870735758, "kl": 0.0063948122656301305, "entropy": 4.167005625225249, "entropy_coeff": 0.0}}, "pol2": {"learner_stats": {"cur_kl_coeff": 0.1, "cur_lr": 0.00010000000000000002, "total_loss": 2.2448353342357135, "policy_loss": -0.008352028569650082, "vf_loss": 2.252196562988545, "vf_explained_var": -0.9710715917781705, "kl": 0.009907997817552352, "entropy": 4.204379088538033, "entropy_coeff": 0.0}}, "pol3": {"learner_stats": {"cur_kl_coeff": 0.1, "cur_lr": 0.00010000000000000002, "total_loss": 8795.55257304332, "policy_loss": -0.0018820593665753091, "vf_loss": 8795.553559296259, "vf_explained_var": -0.5553409503506762, "kl": 0.008594046593043213, "entropy": 4.1617496030671255, "entropy_coeff": 0.0}}, "pol1": {"learner_stats": {"cur_kl_coeff": 0.1, "cur_lr": 0.00010000000000000002, "total_loss": 91108.90871912638, "policy_loss": -0.0018948800507045927, "vf_loss": 91108.90966328212, "vf_explained_var": -0.38392275678259985, "kl": 0.014733981851156291, "entropy": 4.226010014897301, "entropy_coeff": 0.0}}}, "num_steps_sampled": 21630, "num_agent_steps_sampled": 86520, "num_steps_trained": 21630, "num_agent_steps_trained": 86520, "num_steps_trained_this_iter": 0}, "done": false, "episodes_total": 15, "training_iteration": 3, "trial_id": "2b1fc_00000", "experiment_id": "5fb4eb89b62b4dd8ade11a7a1dfab854", "date": "2022-11-28_23-38-26", "timestamp": 1669675106, "time_this_iter_s": 128.01505374908447, "time_total_s": 508.9843804836273, "pid": 2627078, "hostname": "gmd", "node_ip": "137.204.72.171", "config": {"num_workers": 5, "num_envs_per_worker": 1, "create_env_on_driver": false, "rollout_fragment_length": 200, "batch_mode": "complete_episodes", "gamma": 0.9999, "lr": 0.0001, "train_batch_size": 4000, "model": {"_use_default_native_models": false, "_disable_preprocessor_api": false, "fcnet_hiddens": [256, 256], "fcnet_activation": "tanh", "conv_filters": null, "conv_activation": "relu", "post_fcnet_hiddens": [], "post_fcnet_activation": "relu", "free_log_std": false, "no_final_linear": false, "vf_share_layers": false, "use_lstm": false, "max_seq_len": 20, "lstm_cell_size": 256, "lstm_use_prev_action": false, "lstm_use_prev_reward": false, "_time_major": false, "use_attention": false, "attention_num_transformer_units": 1, "attention_dim": 64, "attention_num_heads": 1, "attention_head_dim": 32, "attention_memory_inference": 50, "attention_memory_training": 50, "attention_position_wise_mlp_dim": 32, "attention_init_gru_gate_bias": 2.0, "attention_use_n_prev_actions": 0, "attention_use_n_prev_rewards": 0, "framestack": true, "dim": 84, "grayscale": false, "zero_mean": true, "custom_model": null, "custom_model_config": {}, "custom_action_dist": null, "custom_preprocessor": null, "lstm_use_prev_action_reward": -1}, "optimizer": {}, "horizon": null, "soft_horizon": false, "no_done_at_end": false, "env": "ReachThePointAviary", "observation_space": null, "action_space": null, "env_config": {}, "remote_worker_envs": false, "remote_env_batch_wait_ms": 0, "env_task_fn": null, "render_env": false, "record_env": false, "clip_rewards": null, "normalize_actions": true, "clip_actions": false, "preprocessor_pref": "deepmind", "log_level": "WARN", "callbacks": "<class 'ray.rllib.agents.callbacks.DefaultCallbacks'>", "ignore_worker_failures": false, "log_sys_usage": true, "fake_sampler": false, "framework": "torch", "eager_tracing": false, "eager_max_retraces": 20, "explore": true, "exploration_config": {"type": "StochasticSampling"}, "evaluation_interval": null, "evaluation_num_episodes": 10, "evaluation_parallel_to_training": false, "in_evaluation": false, "evaluation_config": {}, "evaluation_num_workers": 0, "custom_eval_function": null, "sample_async": false, "sample_collector": "<class 'ray.rllib.evaluation.collectors.simple_list_collector.SimpleListCollector'>", "observation_filter": "NoFilter", "synchronize_filters": true, "tf_session_args": {"intra_op_parallelism_threads": 2, "inter_op_parallelism_threads": 2, "gpu_options": {"allow_growth": true}, "log_device_placement": false, "device_count": {"CPU": 1}, "allow_soft_placement": true}, "local_tf_session_args": {"intra_op_parallelism_threads": 8, "inter_op_parallelism_threads": 8}, "compress_observations": false, "collect_metrics_timeout": 180, "metrics_smoothing_episodes": 100, "min_iter_time_s": 0, "timesteps_per_iteration": 0, "seed": null, "extra_python_environs_for_driver": {}, "extra_python_environs_for_worker": {}, "num_gpus": 2, "_fake_gpus": false, "num_cpus_per_worker": 1, "num_gpus_per_worker": 0, "custom_resources_per_worker": {}, "num_cpus_for_driver": 1, "placement_strategy": "PACK", "input": "sampler", "input_config": {}, "actions_in_input_normalized": false, "input_evaluation": ["is", "wis"], "postprocess_inputs": false, "shuffle_buffer_size": 0, "output": null, "output_compress_columns": ["obs", "new_obs"], "output_max_file_size": 67108864, "multiagent": {"policies": {"pol0": ["<class 'ray.rllib.agents.ppo.ppo_torch_policy.PPOTorchPolicy'>", "Box([-1. -1.  0. -1. -1. -1. -1. -1. -1. -1. -1. -1.  0.  0.  0.  0.  0.  0.\n  0.  0.  0.  0. -1.  0. -1.  0.  0.  0.], [1. 1. 1. 1. 1. 1. 1. 1. 1. 1. 1. 1. 1. 1. 1. 1. 1. 1. 1. 1. 1. 1. 0. 1.\n 0. 1. 0. 1.], (28,), float32)", "Box([-1. -1. -1.], [1. 1. 1.], (3,), float32)", {"agent_id": 0}], "pol1": ["<class 'ray.rllib.agents.ppo.ppo_torch_policy.PPOTorchPolicy'>", "Box([-1. -1.  0. -1. -1. -1. -1. -1. -1. -1. -1. -1.  0.  0.  0.  0.  0.  0.\n  0.  0.  0.  0. -1.  0. -1.  0.  0.  0.], [1. 1. 1. 1. 1. 1. 1. 1. 1. 1. 1. 1. 1. 1. 1. 1. 1. 1. 1. 1. 1. 1. 0. 1.\n 0. 1. 0. 1.], (28,), float32)", "Box([-1. -1. -1.], [1. 1. 1.], (3,), float32)", {"agent_id": 1}], "pol2": ["<class 'ray.rllib.agents.ppo.ppo_torch_policy.PPOTorchPolicy'>", "Box([-1. -1.  0. -1. -1. -1. -1. -1. -1. -1. -1. -1.  0.  0.  0.  0.  0.  0.\n  0.  0.  0.  0. -1.  0. -1.  0.  0.  0.], [1. 1. 1. 1. 1. 1. 1. 1. 1. 1. 1. 1. 1. 1. 1. 1. 1. 1. 1. 1. 1. 1. 0. 1.\n 0. 1. 0. 1.], (28,), float32)", "Box([-1. -1. -1.], [1. 1. 1.], (3,), float32)", {"agent_id": 2}], "pol3": ["<class 'ray.rllib.agents.ppo.ppo_torch_policy.PPOTorchPolicy'>", "Box([-1. -1.  0. -1. -1. -1. -1. -1. -1. -1. -1. -1.  0.  0.  0.  0.  0.  0.\n  0.  0.  0.  0. -1.  0. -1.  0.  0.  0.], [1. 1. 1. 1. 1. 1. 1. 1. 1. 1. 1. 1. 1. 1. 1. 1. 1. 1. 1. 1. 1. 1. 0. 1.\n 0. 1. 0. 1.], (28,), float32)", "Box([-1. -1. -1.], [1. 1. 1.], (3,), float32)", {"agent_id": 3}]}, "policy_map_capacity": 100, "policy_map_cache": null, "policy_mapping_fn": "<function <lambda> at 0x7fb2503b2af0>", "policies_to_train": null, "observation_fn": null, "replay_mode": "independent", "count_steps_by": "env_steps"}, "logger_config": null, "_tf_policy_handles_more_than_one_loss": false, "_disable_preprocessor_api": false, "simple_optimizer": false, "monitor": -1, "use_critic": true, "use_gae": true, "lambda": 1.0, "kl_coeff": 0.2, "sgd_minibatch_size": 128, "shuffle_sequences": true, "num_sgd_iter": 30, "lr_schedule": null, "vf_loss_coeff": 1.0, "entropy_coeff": 0.0, "entropy_coeff_schedule": null, "clip_param": 0.3, "vf_clip_param": 10.0, "grad_clip": null, "kl_target": 0.01, "vf_share_layers": -1}, "time_since_restore": 508.9843804836273, "timesteps_since_restore": 0, "iterations_since_restore": 3, "perf": {"cpu_util_percent": 33.973224043715845, "ram_util_percent": 46.24480874316939}}
{"episode_reward_max": [189.01952979551191], "episode_reward_min": -745.0, "episode_reward_mean": [-84.42885261236641], "episode_len_mean": 1442.0, "episode_media": {}, "episodes_this_iter": 5, "policy_reward_min": {"pol0": [-207.27271755343068], "pol1": -745.0, "pol2": 0.0, "pol3": [-240.02573752642047]}, "policy_reward_max": {"pol0": [171.12341294974618], "pol1": [38.71888558946525], "pol2": [12.03408988120196], "pol3": [84.5429890573731]}, "policy_reward_mean": {"pol0": [16.604226086308493], "pol1": [-108.47534270078627], "pol2": [1.2049826139387418], "pol3": [6.237281388172607]}, "custom_metrics": {}, "hist_stats": {"episode_reward": [[6.893077569290826], [6.237665574776169], [3.5612669730115583], [14.255173138066871], [3.0582444678074285], [6.346495095822004], [12.233993404190157], [8.003770358375265], [22.382233178032795], -745.0, [-235.15209960602894], [-591.1167626560632], [13.293248372818264], [-198.62368684625082], [-676.8944819844054], [178.15821663403852], [35.32611442857552], [114.64612910923442], [189.01952979551191], [144.79482074586795]], "episode_lengths": [1442, 1442, 1442, 1442, 1442, 1442, 1442, 1442, 1442, 1442, 1442, 1442, 1442, 1442, 1442, 1442, 1442, 1442, 1442, 1442], "policy_pol0_reward": [0.0, 0.0, 0.0, [12.79998399823927], 0.0, [14.752288828674521], 0.0, 0.0, [20.643093814003674], 0.0, [70.10230319306582], [2.340248286563747], 0.0, [-207.27271755343068], 0.0, [111.88307325781962], [24.90298757737705], [35.60893133526575], [171.12341294974618], [75.20091603884491]], "policy_pol1_reward": [0.0, [1.3904318811301373], 0.0, [1.4551891398276], [3.0582444678074285], -19.0, 0.0, 0.0, [1.7391393640291226], -745.0, -337.0, -678.0, 0.0, 0.0, [-436.8687444579849], 0.0, 0.0, 0.0, 0.0, [38.71888558946525]], "policy_pol2_reward": [[1.0921160253960374], 0.0, 0.0, 0.0, 0.0, 0.0, 0.0, [2.4816960117465636], 0.0, 0.0, 0.0, 0.0, 0.0, [4.263516850939376], 0.0, 0.0, 0.0, [12.03408988120196], [4.228233509490901], 0.0], "policy_pol3_reward": [[5.80096154389479], [4.847233693646031], [3.5612669730115583], 0.0, 0.0, [10.594206267147483], [12.233993404190157], [5.5220743466287], 0.0, 0.0, [31.74559720090526], [84.5429890573731], [13.293248372818264], [4.385513856240508], [-240.02573752642047], [66.27514337621903], [10.423126851198443], [67.00310789276666], [13.667883336274723], [30.87501911755789]]}, "sampler_perf": {"mean_raw_obs_processing_ms": 0.40219865681541317, "mean_inference_ms": 2.7322171715204466, "mean_action_processing_ms": 0.20036386506334636, "mean_env_wait_ms": 20.63673236566433, "mean_env_render_ms": 0.0}, "off_policy_estimator": {}, "num_healthy_workers": 5, "timesteps_total": 28840, "timesteps_this_iter": 0, "agent_timesteps_total": 115360, "timers": {"sample_time_ms": 135439.498, "sample_throughput": 53.234, "load_time_ms": 21.568, "load_throughput": 334286.919, "learn_time_ms": 124766.518, "learn_throughput": 57.788, "update_time_ms": 3.889}, "info": {"learner": {"pol0": {"learner_stats": {"cur_kl_coeff": 0.2, "cur_lr": 0.00010000000000000002, "total_loss": 4556.823215171269, "policy_loss": -0.009214688420650504, "vf_loss": 4556.831042889186, "vf_explained_var": -0.0014996062786806197, "kl": 0.006733546875259294, "entropy": 4.134847041538784, "entropy_coeff": 0.0}}, "pol2": {"learner_stats": {"cur_kl_coeff": 0.1, "cur_lr": 0.00010000000000000002, "total_loss": 10.178980327504021, "policy_loss": 7.561141004165013e-05, "vf_loss": 10.178156161308289, "vf_explained_var": -0.9533149345999672, "kl": 0.007485562170623933, "entropy": 4.1355312387148535, "entropy_coeff": 0.0}}, "pol3": {"learner_stats": {"cur_kl_coeff": 0.1, "cur_lr": 0.00010000000000000002, "total_loss": 750.5745481536502, "policy_loss": -0.004617734384235172, "vf_loss": 750.5781378246489, "vf_explained_var": -0.43799350133963993, "kl": 0.010307612499997162, "entropy": 4.175855317569915, "entropy_coeff": 0.0}}, "pol1": {"learner_stats": {"cur_kl_coeff": 0.1, "cur_lr": 0.00010000000000000002, "total_loss": 347.1637099402291, "policy_loss": -0.005931398064075481, "vf_loss": 347.16853356588456, "vf_explained_var": -0.8542014471299592, "kl": 0.011080142092596413, "entropy": 4.26381408231599, "entropy_coeff": 0.0}}}, "num_steps_sampled": 28840, "num_agent_steps_sampled": 115360, "num_steps_trained": 28840, "num_agent_steps_trained": 115360, "num_steps_trained_this_iter": 0}, "done": false, "episodes_total": 20, "training_iteration": 4, "trial_id": "2b1fc_00000", "experiment_id": "5fb4eb89b62b4dd8ade11a7a1dfab854", "date": "2022-11-28_23-40-35", "timestamp": 1669675235, "time_this_iter_s": 129.34365558624268, "time_total_s": 638.32803606987, "pid": 2627078, "hostname": "gmd", "node_ip": "137.204.72.171", "config": {"num_workers": 5, "num_envs_per_worker": 1, "create_env_on_driver": false, "rollout_fragment_length": 200, "batch_mode": "complete_episodes", "gamma": 0.9999, "lr": 0.0001, "train_batch_size": 4000, "model": {"_use_default_native_models": false, "_disable_preprocessor_api": false, "fcnet_hiddens": [256, 256], "fcnet_activation": "tanh", "conv_filters": null, "conv_activation": "relu", "post_fcnet_hiddens": [], "post_fcnet_activation": "relu", "free_log_std": false, "no_final_linear": false, "vf_share_layers": false, "use_lstm": false, "max_seq_len": 20, "lstm_cell_size": 256, "lstm_use_prev_action": false, "lstm_use_prev_reward": false, "_time_major": false, "use_attention": false, "attention_num_transformer_units": 1, "attention_dim": 64, "attention_num_heads": 1, "attention_head_dim": 32, "attention_memory_inference": 50, "attention_memory_training": 50, "attention_position_wise_mlp_dim": 32, "attention_init_gru_gate_bias": 2.0, "attention_use_n_prev_actions": 0, "attention_use_n_prev_rewards": 0, "framestack": true, "dim": 84, "grayscale": false, "zero_mean": true, "custom_model": null, "custom_model_config": {}, "custom_action_dist": null, "custom_preprocessor": null, "lstm_use_prev_action_reward": -1}, "optimizer": {}, "horizon": null, "soft_horizon": false, "no_done_at_end": false, "env": "ReachThePointAviary", "observation_space": null, "action_space": null, "env_config": {}, "remote_worker_envs": false, "remote_env_batch_wait_ms": 0, "env_task_fn": null, "render_env": false, "record_env": false, "clip_rewards": null, "normalize_actions": true, "clip_actions": false, "preprocessor_pref": "deepmind", "log_level": "WARN", "callbacks": "<class 'ray.rllib.agents.callbacks.DefaultCallbacks'>", "ignore_worker_failures": false, "log_sys_usage": true, "fake_sampler": false, "framework": "torch", "eager_tracing": false, "eager_max_retraces": 20, "explore": true, "exploration_config": {"type": "StochasticSampling"}, "evaluation_interval": null, "evaluation_num_episodes": 10, "evaluation_parallel_to_training": false, "in_evaluation": false, "evaluation_config": {}, "evaluation_num_workers": 0, "custom_eval_function": null, "sample_async": false, "sample_collector": "<class 'ray.rllib.evaluation.collectors.simple_list_collector.SimpleListCollector'>", "observation_filter": "NoFilter", "synchronize_filters": true, "tf_session_args": {"intra_op_parallelism_threads": 2, "inter_op_parallelism_threads": 2, "gpu_options": {"allow_growth": true}, "log_device_placement": false, "device_count": {"CPU": 1}, "allow_soft_placement": true}, "local_tf_session_args": {"intra_op_parallelism_threads": 8, "inter_op_parallelism_threads": 8}, "compress_observations": false, "collect_metrics_timeout": 180, "metrics_smoothing_episodes": 100, "min_iter_time_s": 0, "timesteps_per_iteration": 0, "seed": null, "extra_python_environs_for_driver": {}, "extra_python_environs_for_worker": {}, "num_gpus": 2, "_fake_gpus": false, "num_cpus_per_worker": 1, "num_gpus_per_worker": 0, "custom_resources_per_worker": {}, "num_cpus_for_driver": 1, "placement_strategy": "PACK", "input": "sampler", "input_config": {}, "actions_in_input_normalized": false, "input_evaluation": ["is", "wis"], "postprocess_inputs": false, "shuffle_buffer_size": 0, "output": null, "output_compress_columns": ["obs", "new_obs"], "output_max_file_size": 67108864, "multiagent": {"policies": {"pol0": ["<class 'ray.rllib.agents.ppo.ppo_torch_policy.PPOTorchPolicy'>", "Box([-1. -1.  0. -1. -1. -1. -1. -1. -1. -1. -1. -1.  0.  0.  0.  0.  0.  0.\n  0.  0.  0.  0. -1.  0. -1.  0.  0.  0.], [1. 1. 1. 1. 1. 1. 1. 1. 1. 1. 1. 1. 1. 1. 1. 1. 1. 1. 1. 1. 1. 1. 0. 1.\n 0. 1. 0. 1.], (28,), float32)", "Box([-1. -1. -1.], [1. 1. 1.], (3,), float32)", {"agent_id": 0}], "pol1": ["<class 'ray.rllib.agents.ppo.ppo_torch_policy.PPOTorchPolicy'>", "Box([-1. -1.  0. -1. -1. -1. -1. -1. -1. -1. -1. -1.  0.  0.  0.  0.  0.  0.\n  0.  0.  0.  0. -1.  0. -1.  0.  0.  0.], [1. 1. 1. 1. 1. 1. 1. 1. 1. 1. 1. 1. 1. 1. 1. 1. 1. 1. 1. 1. 1. 1. 0. 1.\n 0. 1. 0. 1.], (28,), float32)", "Box([-1. -1. -1.], [1. 1. 1.], (3,), float32)", {"agent_id": 1}], "pol2": ["<class 'ray.rllib.agents.ppo.ppo_torch_policy.PPOTorchPolicy'>", "Box([-1. -1.  0. -1. -1. -1. -1. -1. -1. -1. -1. -1.  0.  0.  0.  0.  0.  0.\n  0.  0.  0.  0. -1.  0. -1.  0.  0.  0.], [1. 1. 1. 1. 1. 1. 1. 1. 1. 1. 1. 1. 1. 1. 1. 1. 1. 1. 1. 1. 1. 1. 0. 1.\n 0. 1. 0. 1.], (28,), float32)", "Box([-1. -1. -1.], [1. 1. 1.], (3,), float32)", {"agent_id": 2}], "pol3": ["<class 'ray.rllib.agents.ppo.ppo_torch_policy.PPOTorchPolicy'>", "Box([-1. -1.  0. -1. -1. -1. -1. -1. -1. -1. -1. -1.  0.  0.  0.  0.  0.  0.\n  0.  0.  0.  0. -1.  0. -1.  0.  0.  0.], [1. 1. 1. 1. 1. 1. 1. 1. 1. 1. 1. 1. 1. 1. 1. 1. 1. 1. 1. 1. 1. 1. 0. 1.\n 0. 1. 0. 1.], (28,), float32)", "Box([-1. -1. -1.], [1. 1. 1.], (3,), float32)", {"agent_id": 3}]}, "policy_map_capacity": 100, "policy_map_cache": null, "policy_mapping_fn": "<function <lambda> at 0x7fb17ffd58b0>", "policies_to_train": null, "observation_fn": null, "replay_mode": "independent", "count_steps_by": "env_steps"}, "logger_config": null, "_tf_policy_handles_more_than_one_loss": false, "_disable_preprocessor_api": false, "simple_optimizer": false, "monitor": -1, "use_critic": true, "use_gae": true, "lambda": 1.0, "kl_coeff": 0.2, "sgd_minibatch_size": 128, "shuffle_sequences": true, "num_sgd_iter": 30, "lr_schedule": null, "vf_loss_coeff": 1.0, "entropy_coeff": 0.0, "entropy_coeff_schedule": null, "clip_param": 0.3, "vf_clip_param": 10.0, "grad_clip": null, "kl_target": 0.01, "vf_share_layers": -1}, "time_since_restore": 638.32803606987, "timesteps_since_restore": 0, "iterations_since_restore": 4, "perf": {"cpu_util_percent": 34.30217391304348, "ram_util_percent": 46.16739130434783}}
{"episode_reward_max": [312.01135636434174], "episode_reward_min": -745.0, "episode_reward_mean": [-45.119944106025535], "episode_len_mean": 1421.12, "episode_media": {}, "episodes_this_iter": 5, "policy_reward_min": {"pol0": [-208.01985992562655], "pol1": -745.0, "pol2": 0.0, "pol3": [-240.02573752642047]}, "policy_reward_max": {"pol0": [171.12341294974618], "pol1": [78.87943081766207], "pol2": [16.967953535296054], "pol3": [119.32327967284374]}, "policy_reward_mean": {"pol0": [19.09725156465589], "pol1": [-83.66509692792253], "pol2": [2.09232832156634], "pol3": [17.355572935674765]}, "custom_metrics": {}, "hist_stats": {"episode_reward": [[6.893077569290826], [6.237665574776169], [3.5612669730115583], [14.255173138066871], [3.0582444678074285], [6.346495095822004], [12.233993404190157], [8.003770358375265], [22.382233178032795], -745.0, [-235.15209960602894], [-591.1167626560632], [13.293248372818264], [-198.62368684625082], [-676.8944819844054], [178.15821663403852], [35.32611442857552], [114.64612910923442], [189.01952979551191], [144.79482074586795], [-27.780774842340474], [235.16655637347628], [227.81235560298526], [-186.63104390177287], [312.01135636434174]], "episode_lengths": [1442, 1442, 1442, 1442, 1442, 1442, 1442, 1442, 1442, 1442, 1442, 1442, 1442, 1442, 1442, 1442, 1442, 1442, 1442, 1442, 1050, 1442, 1312, 1442, 1442], "policy_pol0_reward": [0.0, 0.0, 0.0, [12.79998399823927], 0.0, [14.752288828674521], 0.0, 0.0, [20.643093814003674], 0.0, [70.10230319306582], [2.340248286563747], 0.0, [-207.27271755343068], 0.0, [111.88307325781962], [24.90298757737705], [35.60893133526575], [171.12341294974618], [75.20091603884491], [-33.986737035749954], [127.52039825745956], [98.24847370505407], [-208.01985992562655], [161.5844923890902]], "policy_pol1_reward": [0.0, [1.3904318811301373], 0.0, [1.4551891398276], [3.0582444678074285], -19.0, 0.0, 0.0, [1.7391393640291226], -745.0, -337.0, -678.0, 0.0, 0.0, [-436.8687444579849], 0.0, 0.0, 0.0, 0.0, [38.71888558946525], 0.0, 0.0, -1.0, 0.0, [78.87943081766207]], "policy_pol2_reward": [[1.0921160253960374], 0.0, 0.0, 0.0, 0.0, 0.0, 0.0, [2.4816960117465636], 0.0, 0.0, 0.0, 0.0, 0.0, [4.263516850939376], 0.0, 0.0, 0.0, [12.03408988120196], [4.228233509490901], 0.0, 0.0, 0.0, [11.2406022250876], [16.967953535296054], 0.0], "policy_pol3_reward": [[5.80096154389479], [4.847233693646031], [3.5612669730115583], 0.0, 0.0, [10.594206267147483], [12.233993404190157], [5.5220743466287], 0.0, 0.0, [31.74559720090526], [84.5429890573731], [13.293248372818264], [4.385513856240508], [-240.02573752642047], [66.27514337621903], [10.423126851198443], [67.00310789276666], [13.667883336274723], [30.87501911755789], [6.205962193409334], [107.6461581160168], [119.32327967284374], [4.420862488557489], [71.54743315758955]]}, "sampler_perf": {"mean_raw_obs_processing_ms": 0.4007248054337637, "mean_inference_ms": 2.7143264832820853, "mean_action_processing_ms": 0.19901021779146472, "mean_env_wait_ms": 20.50224896998246, "mean_env_render_ms": 0.0}, "off_policy_estimator": {}, "num_healthy_workers": 5, "timesteps_total": 35528, "timesteps_this_iter": 0, "agent_timesteps_total": 142112, "timers": {"sample_time_ms": 134112.011, "sample_throughput": 52.983, "load_time_ms": 19.209, "load_throughput": 369911.708, "learn_time_ms": 118763.472, "learn_throughput": 59.83, "update_time_ms": 3.656}, "info": {"learner": {"pol0": {"learner_stats": {"cur_kl_coeff": 0.2, "cur_lr": 0.00010000000000000003, "total_loss": 5742.666406460297, "policy_loss": -0.007630187339889697, "vf_loss": 5742.672593989739, "vf_explained_var": 0.001180667602098905, "kl": 0.007151565063363447, "entropy": 4.1111262070827, "entropy_coeff": 0.0}}, "pol2": {"learner_stats": {"cur_kl_coeff": 0.1, "cur_lr": 0.00010000000000000003, "total_loss": 31.83746496928044, "policy_loss": -0.004099683750134248, "vf_loss": 31.84061194138649, "vf_explained_var": -0.9504535067157868, "kl": 0.009528158423436786, "entropy": 4.141457961461483, "entropy_coeff": 0.0}}, "pol3": {"learner_stats": {"cur_kl_coeff": 0.1, "cur_lr": 0.00010000000000000003, "total_loss": 2980.7824371973675, "policy_loss": -0.011244529428390356, "vf_loss": 2980.7923387282935, "vf_explained_var": -0.3305675543462619, "kl": 0.013492904474133392, "entropy": 4.210210793140607, "entropy_coeff": 0.0}}, "pol1": {"learner_stats": {"cur_kl_coeff": 0.1, "cur_lr": 0.00010000000000000003, "total_loss": 1051.0600097975669, "policy_loss": -0.008056239554515251, "vf_loss": 1051.0665166621407, "vf_explained_var": -0.7821609052710045, "kl": 0.015454779860061198, "entropy": 4.320685310241504, "entropy_coeff": 0.0}}}, "num_steps_sampled": 35528, "num_agent_steps_sampled": 142112, "num_steps_trained": 35528, "num_agent_steps_trained": 142112, "num_steps_trained_this_iter": 0}, "done": false, "episodes_total": 25, "training_iteration": 5, "trial_id": "2b1fc_00000", "experiment_id": "5fb4eb89b62b4dd8ade11a7a1dfab854", "date": "2022-11-28_23-42-42", "timestamp": 1669675362, "time_this_iter_s": 126.84773874282837, "time_total_s": 765.1757748126984, "pid": 2627078, "hostname": "gmd", "node_ip": "137.204.72.171", "config": {"num_workers": 5, "num_envs_per_worker": 1, "create_env_on_driver": false, "rollout_fragment_length": 200, "batch_mode": "complete_episodes", "gamma": 0.9999, "lr": 0.0001, "train_batch_size": 4000, "model": {"_use_default_native_models": false, "_disable_preprocessor_api": false, "fcnet_hiddens": [256, 256], "fcnet_activation": "tanh", "conv_filters": null, "conv_activation": "relu", "post_fcnet_hiddens": [], "post_fcnet_activation": "relu", "free_log_std": false, "no_final_linear": false, "vf_share_layers": false, "use_lstm": false, "max_seq_len": 20, "lstm_cell_size": 256, "lstm_use_prev_action": false, "lstm_use_prev_reward": false, "_time_major": false, "use_attention": false, "attention_num_transformer_units": 1, "attention_dim": 64, "attention_num_heads": 1, "attention_head_dim": 32, "attention_memory_inference": 50, "attention_memory_training": 50, "attention_position_wise_mlp_dim": 32, "attention_init_gru_gate_bias": 2.0, "attention_use_n_prev_actions": 0, "attention_use_n_prev_rewards": 0, "framestack": true, "dim": 84, "grayscale": false, "zero_mean": true, "custom_model": null, "custom_model_config": {}, "custom_action_dist": null, "custom_preprocessor": null, "lstm_use_prev_action_reward": -1}, "optimizer": {}, "horizon": null, "soft_horizon": false, "no_done_at_end": false, "env": "ReachThePointAviary", "observation_space": null, "action_space": null, "env_config": {}, "remote_worker_envs": false, "remote_env_batch_wait_ms": 0, "env_task_fn": null, "render_env": false, "record_env": false, "clip_rewards": null, "normalize_actions": true, "clip_actions": false, "preprocessor_pref": "deepmind", "log_level": "WARN", "callbacks": "<class 'ray.rllib.agents.callbacks.DefaultCallbacks'>", "ignore_worker_failures": false, "log_sys_usage": true, "fake_sampler": false, "framework": "torch", "eager_tracing": false, "eager_max_retraces": 20, "explore": true, "exploration_config": {"type": "StochasticSampling"}, "evaluation_interval": null, "evaluation_num_episodes": 10, "evaluation_parallel_to_training": false, "in_evaluation": false, "evaluation_config": {}, "evaluation_num_workers": 0, "custom_eval_function": null, "sample_async": false, "sample_collector": "<class 'ray.rllib.evaluation.collectors.simple_list_collector.SimpleListCollector'>", "observation_filter": "NoFilter", "synchronize_filters": true, "tf_session_args": {"intra_op_parallelism_threads": 2, "inter_op_parallelism_threads": 2, "gpu_options": {"allow_growth": true}, "log_device_placement": false, "device_count": {"CPU": 1}, "allow_soft_placement": true}, "local_tf_session_args": {"intra_op_parallelism_threads": 8, "inter_op_parallelism_threads": 8}, "compress_observations": false, "collect_metrics_timeout": 180, "metrics_smoothing_episodes": 100, "min_iter_time_s": 0, "timesteps_per_iteration": 0, "seed": null, "extra_python_environs_for_driver": {}, "extra_python_environs_for_worker": {}, "num_gpus": 2, "_fake_gpus": false, "num_cpus_per_worker": 1, "num_gpus_per_worker": 0, "custom_resources_per_worker": {}, "num_cpus_for_driver": 1, "placement_strategy": "PACK", "input": "sampler", "input_config": {}, "actions_in_input_normalized": false, "input_evaluation": ["is", "wis"], "postprocess_inputs": false, "shuffle_buffer_size": 0, "output": null, "output_compress_columns": ["obs", "new_obs"], "output_max_file_size": 67108864, "multiagent": {"policies": {"pol0": ["<class 'ray.rllib.agents.ppo.ppo_torch_policy.PPOTorchPolicy'>", "Box([-1. -1.  0. -1. -1. -1. -1. -1. -1. -1. -1. -1.  0.  0.  0.  0.  0.  0.\n  0.  0.  0.  0. -1.  0. -1.  0.  0.  0.], [1. 1. 1. 1. 1. 1. 1. 1. 1. 1. 1. 1. 1. 1. 1. 1. 1. 1. 1. 1. 1. 1. 0. 1.\n 0. 1. 0. 1.], (28,), float32)", "Box([-1. -1. -1.], [1. 1. 1.], (3,), float32)", {"agent_id": 0}], "pol1": ["<class 'ray.rllib.agents.ppo.ppo_torch_policy.PPOTorchPolicy'>", "Box([-1. -1.  0. -1. -1. -1. -1. -1. -1. -1. -1. -1.  0.  0.  0.  0.  0.  0.\n  0.  0.  0.  0. -1.  0. -1.  0.  0.  0.], [1. 1. 1. 1. 1. 1. 1. 1. 1. 1. 1. 1. 1. 1. 1. 1. 1. 1. 1. 1. 1. 1. 0. 1.\n 0. 1. 0. 1.], (28,), float32)", "Box([-1. -1. -1.], [1. 1. 1.], (3,), float32)", {"agent_id": 1}], "pol2": ["<class 'ray.rllib.agents.ppo.ppo_torch_policy.PPOTorchPolicy'>", "Box([-1. -1.  0. -1. -1. -1. -1. -1. -1. -1. -1. -1.  0.  0.  0.  0.  0.  0.\n  0.  0.  0.  0. -1.  0. -1.  0.  0.  0.], [1. 1. 1. 1. 1. 1. 1. 1. 1. 1. 1. 1. 1. 1. 1. 1. 1. 1. 1. 1. 1. 1. 0. 1.\n 0. 1. 0. 1.], (28,), float32)", "Box([-1. -1. -1.], [1. 1. 1.], (3,), float32)", {"agent_id": 2}], "pol3": ["<class 'ray.rllib.agents.ppo.ppo_torch_policy.PPOTorchPolicy'>", "Box([-1. -1.  0. -1. -1. -1. -1. -1. -1. -1. -1. -1.  0.  0.  0.  0.  0.  0.\n  0.  0.  0.  0. -1.  0. -1.  0.  0.  0.], [1. 1. 1. 1. 1. 1. 1. 1. 1. 1. 1. 1. 1. 1. 1. 1. 1. 1. 1. 1. 1. 1. 0. 1.\n 0. 1. 0. 1.], (28,), float32)", "Box([-1. -1. -1.], [1. 1. 1.], (3,), float32)", {"agent_id": 3}]}, "policy_map_capacity": 100, "policy_map_cache": null, "policy_mapping_fn": "<function <lambda> at 0x7fb17e462310>", "policies_to_train": null, "observation_fn": null, "replay_mode": "independent", "count_steps_by": "env_steps"}, "logger_config": null, "_tf_policy_handles_more_than_one_loss": false, "_disable_preprocessor_api": false, "simple_optimizer": false, "monitor": -1, "use_critic": true, "use_gae": true, "lambda": 1.0, "kl_coeff": 0.2, "sgd_minibatch_size": 128, "shuffle_sequences": true, "num_sgd_iter": 30, "lr_schedule": null, "vf_loss_coeff": 1.0, "entropy_coeff": 0.0, "entropy_coeff_schedule": null, "clip_param": 0.3, "vf_clip_param": 10.0, "grad_clip": null, "kl_target": 0.01, "vf_share_layers": -1}, "time_since_restore": 765.1757748126984, "timesteps_since_restore": 0, "iterations_since_restore": 5, "perf": {"cpu_util_percent": 30.58397790055249, "ram_util_percent": 45.56629834254146}}
{"episode_reward_max": [312.01135636434174], "episode_reward_min": -745.0, "episode_reward_mean": [-33.79614481432346], "episode_len_mean": 1371.4333333333334, "episode_media": {}, "episodes_this_iter": 5, "policy_reward_min": {"pol0": [-208.01985992562655], "pol1": -745.0, "pol2": 0.0, "pol3": [-240.02573752642047]}, "policy_reward_max": {"pol0": [171.12341294974618], "pol1": [181.65971808817446], "pol2": [31.50599813300215], "pol3": [119.32327967284374]}, "policy_reward_mean": {"pol0": [5.662692552827876], "pol1": [-63.39164067855698], "pol2": [3.1173570939758872], "pol3": [20.81544621742976]}, "custom_metrics": {}, "hist_stats": {"episode_reward": [[6.893077569290826], [6.237665574776169], [3.5612669730115583], [14.255173138066871], [3.0582444678074285], [6.346495095822004], [12.233993404190157], [8.003770358375265], [22.382233178032795], -745.0, [-235.15209960602894], [-591.1167626560632], [13.293248372818264], [-198.62368684625082], [-676.8944819844054], [178.15821663403852], [35.32611442857552], [114.64612910923442], [189.01952979551191], [144.79482074586795], [-27.780774842340474], [235.16655637347628], [227.81235560298526], [-186.63104390177287], [312.01135636434174], [-47.190300020109134], [-7.294519000566779], [48.85611431733102], [-152.16149052209113], [271.90445344637044]], "episode_lengths": [1442, 1442, 1442, 1442, 1442, 1442, 1442, 1442, 1442, 1442, 1442, 1442, 1442, 1442, 1442, 1442, 1442, 1442, 1442, 1442, 1050, 1442, 1312, 1442, 1442, 787, 1254, 961, 1171, 1442], "policy_pol0_reward": [0.0, 0.0, 0.0, [12.79998399823927], 0.0, [14.752288828674521], 0.0, 0.0, [20.643093814003674], 0.0, [70.10230319306582], [2.340248286563747], 0.0, [-207.27271755343068], 0.0, [111.88307325781962], [24.90298757737705], [35.60893133526575], [171.12341294974618], [75.20091603884491], [-33.986737035749954], [127.52039825745956], [98.24847370505407], [-208.01985992562655], [161.5844923890902], [-49.2210910354071], [-47.38695055013035], [-53.783484566514836], [-178.30396944543614], [21.144983065927434]], "policy_pol1_reward": [0.0, [1.3904318811301373], 0.0, [1.4551891398276], [3.0582444678074285], -19.0, 0.0, 0.0, [1.7391393640291226], -745.0, -337.0, -678.0, 0.0, 0.0, [-436.8687444579849], 0.0, 0.0, 0.0, 0.0, [38.71888558946525], 0.0, 0.0, -1.0, 0.0, [78.87943081766207], [10.218484753179318], 0.0, -1.0, -1.0, [181.65971808817446]], "policy_pol2_reward": [[1.0921160253960374], 0.0, 0.0, 0.0, 0.0, 0.0, 0.0, [2.4816960117465636], 0.0, 0.0, 0.0, 0.0, 0.0, [4.263516850939376], 0.0, 0.0, 0.0, [12.03408988120196], [4.228233509490901], 0.0, 0.0, 0.0, [11.2406022250876], [16.967953535296054], 0.0, [1.6740936871579337], 0.0, [8.03241295995803], [31.50599813300215], 0.0], "policy_pol3_reward": [[5.80096154389479], [4.847233693646031], [3.5612669730115583], 0.0, 0.0, [10.594206267147483], [12.233993404190157], [5.5220743466287], 0.0, 0.0, [31.74559720090526], [84.5429890573731], [13.293248372818264], [4.385513856240508], [-240.02573752642047], [66.27514337621903], [10.423126851198443], [67.00310789276666], [13.667883336274723], [30.87501911755789], [6.205962193409334], [107.6461581160168], [119.32327967284374], [4.420862488557489], [71.54743315758955], [-9.861787425039232], [40.09243154956356], [95.60718592388797], [-4.363519209657203], [69.09975229226842]]}, "sampler_perf": {"mean_raw_obs_processing_ms": 0.40073692681999123, "mean_inference_ms": 2.696771254422179, "mean_action_processing_ms": 0.1976739960899178, "mean_env_wait_ms": 20.364395973915645, "mean_env_render_ms": 0.0}, "off_policy_estimator": {}, "num_healthy_workers": 5, "timesteps_total": 41143, "timesteps_this_iter": 0, "agent_timesteps_total": 164572, "timers": {"sample_time_ms": 132520.573, "sample_throughput": 51.744, "load_time_ms": 19.404, "load_throughput": 353397.766, "learn_time_ms": 110528.863, "learn_throughput": 62.04, "update_time_ms": 3.468}, "info": {"learner": {"pol0": {"learner_stats": {"cur_kl_coeff": 0.19999999999999996, "cur_lr": 0.0001, "total_loss": 2130.131937695289, "policy_loss": -0.009351197566634925, "vf_loss": 2130.137740983889, "vf_explained_var": -0.11151882333810939, "kl": 0.017747654025640134, "entropy": 4.200962794473929, "entropy_coeff": 0.0}}, "pol2": {"learner_stats": {"cur_kl_coeff": 0.09999999999999998, "cur_lr": 0.0001, "total_loss": 85.75472791693932, "policy_loss": -0.015092933559140494, "vf_loss": 85.76849399287572, "vf_explained_var": -0.9667492070863414, "kl": 0.013270895940957391, "entropy": 4.100638735386752, "entropy_coeff": 0.0}}, "pol3": {"learner_stats": {"cur_kl_coeff": 0.09999999999999998, "cur_lr": 0.0001, "total_loss": 1415.5316108200902, "policy_loss": -0.013905141316354275, "vf_loss": 1415.5449129607325, "vf_explained_var": -0.35325052994628287, "kl": 0.006010035514622975, "entropy": 4.21721121322277, "entropy_coeff": 0.0}}, "pol1": {"learner_stats": {"cur_kl_coeff": 0.09999999999999998, "cur_lr": 0.0001, "total_loss": 4780.806450266617, "policy_loss": -0.015652752684992412, "vf_loss": 4780.820880812637, "vf_explained_var": -0.7371730090573777, "kl": 0.011977356888750443, "entropy": 4.288080252418222, "entropy_coeff": 0.0}}}, "num_steps_sampled": 41143, "num_agent_steps_sampled": 164572, "num_steps_trained": 41143, "num_agent_steps_trained": 164572, "num_steps_trained_this_iter": 0}, "done": false, "episodes_total": 30, "training_iteration": 6, "trial_id": "2b1fc_00000", "experiment_id": "5fb4eb89b62b4dd8ade11a7a1dfab854", "date": "2022-11-28_23-44-21", "timestamp": 1669675461, "time_this_iter_s": 99.14762377738953, "time_total_s": 864.3233985900879, "pid": 2627078, "hostname": "gmd", "node_ip": "137.204.72.171", "config": {"num_workers": 5, "num_envs_per_worker": 1, "create_env_on_driver": false, "rollout_fragment_length": 200, "batch_mode": "complete_episodes", "gamma": 0.9999, "lr": 0.0001, "train_batch_size": 4000, "model": {"_use_default_native_models": false, "_disable_preprocessor_api": false, "fcnet_hiddens": [256, 256], "fcnet_activation": "tanh", "conv_filters": null, "conv_activation": "relu", "post_fcnet_hiddens": [], "post_fcnet_activation": "relu", "free_log_std": false, "no_final_linear": false, "vf_share_layers": false, "use_lstm": false, "max_seq_len": 20, "lstm_cell_size": 256, "lstm_use_prev_action": false, "lstm_use_prev_reward": false, "_time_major": false, "use_attention": false, "attention_num_transformer_units": 1, "attention_dim": 64, "attention_num_heads": 1, "attention_head_dim": 32, "attention_memory_inference": 50, "attention_memory_training": 50, "attention_position_wise_mlp_dim": 32, "attention_init_gru_gate_bias": 2.0, "attention_use_n_prev_actions": 0, "attention_use_n_prev_rewards": 0, "framestack": true, "dim": 84, "grayscale": false, "zero_mean": true, "custom_model": null, "custom_model_config": {}, "custom_action_dist": null, "custom_preprocessor": null, "lstm_use_prev_action_reward": -1}, "optimizer": {}, "horizon": null, "soft_horizon": false, "no_done_at_end": false, "env": "ReachThePointAviary", "observation_space": null, "action_space": null, "env_config": {}, "remote_worker_envs": false, "remote_env_batch_wait_ms": 0, "env_task_fn": null, "render_env": false, "record_env": false, "clip_rewards": null, "normalize_actions": true, "clip_actions": false, "preprocessor_pref": "deepmind", "log_level": "WARN", "callbacks": "<class 'ray.rllib.agents.callbacks.DefaultCallbacks'>", "ignore_worker_failures": false, "log_sys_usage": true, "fake_sampler": false, "framework": "torch", "eager_tracing": false, "eager_max_retraces": 20, "explore": true, "exploration_config": {"type": "StochasticSampling"}, "evaluation_interval": null, "evaluation_num_episodes": 10, "evaluation_parallel_to_training": false, "in_evaluation": false, "evaluation_config": {}, "evaluation_num_workers": 0, "custom_eval_function": null, "sample_async": false, "sample_collector": "<class 'ray.rllib.evaluation.collectors.simple_list_collector.SimpleListCollector'>", "observation_filter": "NoFilter", "synchronize_filters": true, "tf_session_args": {"intra_op_parallelism_threads": 2, "inter_op_parallelism_threads": 2, "gpu_options": {"allow_growth": true}, "log_device_placement": false, "device_count": {"CPU": 1}, "allow_soft_placement": true}, "local_tf_session_args": {"intra_op_parallelism_threads": 8, "inter_op_parallelism_threads": 8}, "compress_observations": false, "collect_metrics_timeout": 180, "metrics_smoothing_episodes": 100, "min_iter_time_s": 0, "timesteps_per_iteration": 0, "seed": null, "extra_python_environs_for_driver": {}, "extra_python_environs_for_worker": {}, "num_gpus": 2, "_fake_gpus": false, "num_cpus_per_worker": 1, "num_gpus_per_worker": 0, "custom_resources_per_worker": {}, "num_cpus_for_driver": 1, "placement_strategy": "PACK", "input": "sampler", "input_config": {}, "actions_in_input_normalized": false, "input_evaluation": ["is", "wis"], "postprocess_inputs": false, "shuffle_buffer_size": 0, "output": null, "output_compress_columns": ["obs", "new_obs"], "output_max_file_size": 67108864, "multiagent": {"policies": {"pol0": ["<class 'ray.rllib.agents.ppo.ppo_torch_policy.PPOTorchPolicy'>", "Box([-1. -1.  0. -1. -1. -1. -1. -1. -1. -1. -1. -1.  0.  0.  0.  0.  0.  0.\n  0.  0.  0.  0. -1.  0. -1.  0.  0.  0.], [1. 1. 1. 1. 1. 1. 1. 1. 1. 1. 1. 1. 1. 1. 1. 1. 1. 1. 1. 1. 1. 1. 0. 1.\n 0. 1. 0. 1.], (28,), float32)", "Box([-1. -1. -1.], [1. 1. 1.], (3,), float32)", {"agent_id": 0}], "pol1": ["<class 'ray.rllib.agents.ppo.ppo_torch_policy.PPOTorchPolicy'>", "Box([-1. -1.  0. -1. -1. -1. -1. -1. -1. -1. -1. -1.  0.  0.  0.  0.  0.  0.\n  0.  0.  0.  0. -1.  0. -1.  0.  0.  0.], [1. 1. 1. 1. 1. 1. 1. 1. 1. 1. 1. 1. 1. 1. 1. 1. 1. 1. 1. 1. 1. 1. 0. 1.\n 0. 1. 0. 1.], (28,), float32)", "Box([-1. -1. -1.], [1. 1. 1.], (3,), float32)", {"agent_id": 1}], "pol2": ["<class 'ray.rllib.agents.ppo.ppo_torch_policy.PPOTorchPolicy'>", "Box([-1. -1.  0. -1. -1. -1. -1. -1. -1. -1. -1. -1.  0.  0.  0.  0.  0.  0.\n  0.  0.  0.  0. -1.  0. -1.  0.  0.  0.], [1. 1. 1. 1. 1. 1. 1. 1. 1. 1. 1. 1. 1. 1. 1. 1. 1. 1. 1. 1. 1. 1. 0. 1.\n 0. 1. 0. 1.], (28,), float32)", "Box([-1. -1. -1.], [1. 1. 1.], (3,), float32)", {"agent_id": 2}], "pol3": ["<class 'ray.rllib.agents.ppo.ppo_torch_policy.PPOTorchPolicy'>", "Box([-1. -1.  0. -1. -1. -1. -1. -1. -1. -1. -1. -1.  0.  0.  0.  0.  0.  0.\n  0.  0.  0.  0. -1.  0. -1.  0.  0.  0.], [1. 1. 1. 1. 1. 1. 1. 1. 1. 1. 1. 1. 1. 1. 1. 1. 1. 1. 1. 1. 1. 1. 0. 1.\n 0. 1. 0. 1.], (28,), float32)", "Box([-1. -1. -1.], [1. 1. 1.], (3,), float32)", {"agent_id": 3}]}, "policy_map_capacity": 100, "policy_map_cache": null, "policy_mapping_fn": "<function <lambda> at 0x7fb17ffd5790>", "policies_to_train": null, "observation_fn": null, "replay_mode": "independent", "count_steps_by": "env_steps"}, "logger_config": null, "_tf_policy_handles_more_than_one_loss": false, "_disable_preprocessor_api": false, "simple_optimizer": false, "monitor": -1, "use_critic": true, "use_gae": true, "lambda": 1.0, "kl_coeff": 0.2, "sgd_minibatch_size": 128, "shuffle_sequences": true, "num_sgd_iter": 30, "lr_schedule": null, "vf_loss_coeff": 1.0, "entropy_coeff": 0.0, "entropy_coeff_schedule": null, "clip_param": 0.3, "vf_clip_param": 10.0, "grad_clip": null, "kl_target": 0.01, "vf_share_layers": -1}, "time_since_restore": 864.3233985900879, "timesteps_since_restore": 0, "iterations_since_restore": 6, "perf": {"cpu_util_percent": 32.21056338028169, "ram_util_percent": 40.36267605633803}}
{"episode_reward_max": [312.01135636434174], "episode_reward_min": -745.0, "episode_reward_mean": [-45.282061810890376], "episode_len_mean": 1319.3428571428572, "episode_media": {}, "episodes_this_iter": 5, "policy_reward_min": {"pol0": [-208.01985992562655], "pol1": -745.0, "pol2": 0.0, "pol3": [-437.6905221256814]}, "policy_reward_max": {"pol0": [171.12341294974618], "pol1": [181.65971808817446], "pol2": [31.50599813300215], "pol3": [124.27151832295102]}, "policy_reward_mean": {"pol0": [-0.7305794175840951], "pol1": [-59.701406197104774], "pol2": [3.424726309111602], "pol3": [11.725197494686894]}, "custom_metrics": {}, "hist_stats": {"episode_reward": [[6.893077569290826], [6.237665574776169], [3.5612669730115583], [14.255173138066871], [3.0582444678074285], [6.346495095822004], [12.233993404190157], [8.003770358375265], [22.382233178032795], -745.0, [-235.15209960602894], [-591.1167626560632], [13.293248372818264], [-198.62368684625082], [-676.8944819844054], [178.15821663403852], [35.32611442857552], [114.64612910923442], [189.01952979551191], [144.79482074586795], [-27.780774842340474], [235.16655637347628], [227.81235560298526], [-186.63104390177287], [312.01135636434174], [-47.190300020109134], [-7.294519000566779], [48.85611431733102], [-152.16149052209113], [271.90445344637044], [-69.77660562840413], [-496.81419841739023], [82.57308453228372], [-104.66646139984965], [17.696361961901093]], "episode_lengths": [1442, 1442, 1442, 1442, 1442, 1442, 1442, 1442, 1442, 1442, 1442, 1442, 1442, 1442, 1442, 1442, 1442, 1442, 1442, 1442, 1050, 1442, 1312, 1442, 1442, 787, 1254, 961, 1171, 1442, 624, 935, 973, 1060, 1442], "policy_pol0_reward": [0.0, 0.0, 0.0, [12.79998399823927], 0.0, [14.752288828674521], 0.0, 0.0, [20.643093814003674], 0.0, [70.10230319306582], [2.340248286563747], 0.0, [-207.27271755343068], 0.0, [111.88307325781962], [24.90298757737705], [35.60893133526575], [171.12341294974618], [75.20091603884491], [-33.986737035749954], [127.52039825745956], [98.24847370505407], [-208.01985992562655], [161.5844923890902], [-49.2210910354071], [-47.38695055013035], [-53.783484566514836], [-178.30396944543614], [21.144983065927434], [-60.70163663493901], [-59.12367629170877], [-47.33164417551344], [-119.75789082350113], [91.46379172538275]], "policy_pol1_reward": [0.0, [1.3904318811301373], 0.0, [1.4551891398276], [3.0582444678074285], -19.0, 0.0, 0.0, [1.7391393640291226], -745.0, -337.0, -678.0, 0.0, 0.0, [-436.8687444579849], 0.0, 0.0, 0.0, 0.0, [38.71888558946525], 0.0, 0.0, -1.0, 0.0, [78.87943081766207], [10.218484753179318], 0.0, -1.0, -1.0, [181.65971808817446], [2.624378780495894], 0.0, -1.0, -1.0, [-188.42437532245336]], "policy_pol2_reward": [[1.0921160253960374], 0.0, 0.0, 0.0, 0.0, 0.0, 0.0, [2.4816960117465636], 0.0, 0.0, 0.0, 0.0, 0.0, [4.263516850939376], 0.0, 0.0, 0.0, [12.03408988120196], [4.228233509490901], 0.0, 0.0, 0.0, [11.2406022250876], [16.967953535296054], 0.0, [1.6740936871579337], 0.0, [8.03241295995803], [31.50599813300215], 0.0, [2.162276589897912], 0.0, [6.633210384845941], [16.09142942365135], [1.4577916012342416]], "policy_pol3_reward": [[5.80096154389479], [4.847233693646031], [3.5612669730115583], 0.0, 0.0, [10.594206267147483], [12.233993404190157], [5.5220743466287], 0.0, 0.0, [31.74559720090526], [84.5429890573731], [13.293248372818264], [4.385513856240508], [-240.02573752642047], [66.27514337621903], [10.423126851198443], [67.00310789276666], [13.667883336274723], [30.87501911755789], [6.205962193409334], [107.6461581160168], [119.32327967284374], [4.420862488557489], [71.54743315758955], [-9.861787425039232], [40.09243154956356], [95.60718592388797], [-4.363519209657203], [69.09975229226842], [-13.861624363858866], [-437.6905221256814], [124.27151832295102], 0.0, [113.19915395773778]]}, "sampler_perf": {"mean_raw_obs_processing_ms": 0.4009936341053096, "mean_inference_ms": 2.676632461822561, "mean_action_processing_ms": 0.1961534916771728, "mean_env_wait_ms": 20.201173296479666, "mean_env_render_ms": 0.0}, "off_policy_estimator": {}, "num_healthy_workers": 5, "timesteps_total": 46177, "timesteps_this_iter": 0, "agent_timesteps_total": 184708, "timers": {"sample_time_ms": 127293.436, "sample_throughput": 51.823, "load_time_ms": 19.3, "load_throughput": 341801.364, "learn_time_ms": 102236.977, "learn_throughput": 64.524, "update_time_ms": 3.349}, "info": {"learner": {"pol0": {"learner_stats": {"cur_kl_coeff": 0.19999999999999998, "cur_lr": 0.00010000000000000002, "total_loss": 3298.1019707215137, "policy_loss": -0.01825194652709696, "vf_loss": 3298.113743017474, "vf_explained_var": -0.18380286446493915, "kl": 0.0324536636953211, "entropy": 4.309545684472108, "entropy_coeff": 0.0}}, "pol2": {"learner_stats": {"cur_kl_coeff": 0.09999999999999999, "cur_lr": 0.00010000000000000002, "total_loss": 22.2475855397363, "policy_loss": -0.007228969330461616, "vf_loss": 22.253684881202176, "vf_explained_var": -0.9549150192839467, "kl": 0.011296319878770136, "entropy": 4.002418779715514, "entropy_coeff": 0.0}}, "pol3": {"learner_stats": {"cur_kl_coeff": 0.09999999999999999, "cur_lr": 0.00010000000000000002, "total_loss": 14198.237066728641, "policy_loss": -0.008696968293088114, "vf_loss": 14198.243677775064, "vf_explained_var": -0.25105359523724285, "kl": 0.020729500222392994, "entropy": 4.23104078464019, "entropy_coeff": 0.0}}, "pol1": {"learner_stats": {"cur_kl_coeff": 0.09999999999999999, "cur_lr": 0.00010000000000000002, "total_loss": 1979.3611028682471, "policy_loss": -0.004059262656503254, "vf_loss": 1979.3644913589853, "vf_explained_var": -0.7050360596078074, "kl": 0.006667653574125947, "entropy": 4.295841932296753, "entropy_coeff": 0.0}}}, "num_steps_sampled": 46177, "num_agent_steps_sampled": 184708, "num_steps_trained": 46177, "num_agent_steps_trained": 184708, "num_steps_trained_this_iter": 0}, "done": false, "episodes_total": 35, "training_iteration": 7, "trial_id": "2b1fc_00000", "experiment_id": "5fb4eb89b62b4dd8ade11a7a1dfab854", "date": "2022-11-28_23-45-40", "timestamp": 1669675540, "time_this_iter_s": 79.0252456665039, "time_total_s": 943.3486442565918, "pid": 2627078, "hostname": "gmd", "node_ip": "137.204.72.171", "config": {"num_workers": 5, "num_envs_per_worker": 1, "create_env_on_driver": false, "rollout_fragment_length": 200, "batch_mode": "complete_episodes", "gamma": 0.9999, "lr": 0.0001, "train_batch_size": 4000, "model": {"_use_default_native_models": false, "_disable_preprocessor_api": false, "fcnet_hiddens": [256, 256], "fcnet_activation": "tanh", "conv_filters": null, "conv_activation": "relu", "post_fcnet_hiddens": [], "post_fcnet_activation": "relu", "free_log_std": false, "no_final_linear": false, "vf_share_layers": false, "use_lstm": false, "max_seq_len": 20, "lstm_cell_size": 256, "lstm_use_prev_action": false, "lstm_use_prev_reward": false, "_time_major": false, "use_attention": false, "attention_num_transformer_units": 1, "attention_dim": 64, "attention_num_heads": 1, "attention_head_dim": 32, "attention_memory_inference": 50, "attention_memory_training": 50, "attention_position_wise_mlp_dim": 32, "attention_init_gru_gate_bias": 2.0, "attention_use_n_prev_actions": 0, "attention_use_n_prev_rewards": 0, "framestack": true, "dim": 84, "grayscale": false, "zero_mean": true, "custom_model": null, "custom_model_config": {}, "custom_action_dist": null, "custom_preprocessor": null, "lstm_use_prev_action_reward": -1}, "optimizer": {}, "horizon": null, "soft_horizon": false, "no_done_at_end": false, "env": "ReachThePointAviary", "observation_space": null, "action_space": null, "env_config": {}, "remote_worker_envs": false, "remote_env_batch_wait_ms": 0, "env_task_fn": null, "render_env": false, "record_env": false, "clip_rewards": null, "normalize_actions": true, "clip_actions": false, "preprocessor_pref": "deepmind", "log_level": "WARN", "callbacks": "<class 'ray.rllib.agents.callbacks.DefaultCallbacks'>", "ignore_worker_failures": false, "log_sys_usage": true, "fake_sampler": false, "framework": "torch", "eager_tracing": false, "eager_max_retraces": 20, "explore": true, "exploration_config": {"type": "StochasticSampling"}, "evaluation_interval": null, "evaluation_num_episodes": 10, "evaluation_parallel_to_training": false, "in_evaluation": false, "evaluation_config": {}, "evaluation_num_workers": 0, "custom_eval_function": null, "sample_async": false, "sample_collector": "<class 'ray.rllib.evaluation.collectors.simple_list_collector.SimpleListCollector'>", "observation_filter": "NoFilter", "synchronize_filters": true, "tf_session_args": {"intra_op_parallelism_threads": 2, "inter_op_parallelism_threads": 2, "gpu_options": {"allow_growth": true}, "log_device_placement": false, "device_count": {"CPU": 1}, "allow_soft_placement": true}, "local_tf_session_args": {"intra_op_parallelism_threads": 8, "inter_op_parallelism_threads": 8}, "compress_observations": false, "collect_metrics_timeout": 180, "metrics_smoothing_episodes": 100, "min_iter_time_s": 0, "timesteps_per_iteration": 0, "seed": null, "extra_python_environs_for_driver": {}, "extra_python_environs_for_worker": {}, "num_gpus": 2, "_fake_gpus": false, "num_cpus_per_worker": 1, "num_gpus_per_worker": 0, "custom_resources_per_worker": {}, "num_cpus_for_driver": 1, "placement_strategy": "PACK", "input": "sampler", "input_config": {}, "actions_in_input_normalized": false, "input_evaluation": ["is", "wis"], "postprocess_inputs": false, "shuffle_buffer_size": 0, "output": null, "output_compress_columns": ["obs", "new_obs"], "output_max_file_size": 67108864, "multiagent": {"policies": {"pol0": ["<class 'ray.rllib.agents.ppo.ppo_torch_policy.PPOTorchPolicy'>", "Box([-1. -1.  0. -1. -1. -1. -1. -1. -1. -1. -1. -1.  0.  0.  0.  0.  0.  0.\n  0.  0.  0.  0. -1.  0. -1.  0.  0.  0.], [1. 1. 1. 1. 1. 1. 1. 1. 1. 1. 1. 1. 1. 1. 1. 1. 1. 1. 1. 1. 1. 1. 0. 1.\n 0. 1. 0. 1.], (28,), float32)", "Box([-1. -1. -1.], [1. 1. 1.], (3,), float32)", {"agent_id": 0}], "pol1": ["<class 'ray.rllib.agents.ppo.ppo_torch_policy.PPOTorchPolicy'>", "Box([-1. -1.  0. -1. -1. -1. -1. -1. -1. -1. -1. -1.  0.  0.  0.  0.  0.  0.\n  0.  0.  0.  0. -1.  0. -1.  0.  0.  0.], [1. 1. 1. 1. 1. 1. 1. 1. 1. 1. 1. 1. 1. 1. 1. 1. 1. 1. 1. 1. 1. 1. 0. 1.\n 0. 1. 0. 1.], (28,), float32)", "Box([-1. -1. -1.], [1. 1. 1.], (3,), float32)", {"agent_id": 1}], "pol2": ["<class 'ray.rllib.agents.ppo.ppo_torch_policy.PPOTorchPolicy'>", "Box([-1. -1.  0. -1. -1. -1. -1. -1. -1. -1. -1. -1.  0.  0.  0.  0.  0.  0.\n  0.  0.  0.  0. -1.  0. -1.  0.  0.  0.], [1. 1. 1. 1. 1. 1. 1. 1. 1. 1. 1. 1. 1. 1. 1. 1. 1. 1. 1. 1. 1. 1. 0. 1.\n 0. 1. 0. 1.], (28,), float32)", "Box([-1. -1. -1.], [1. 1. 1.], (3,), float32)", {"agent_id": 2}], "pol3": ["<class 'ray.rllib.agents.ppo.ppo_torch_policy.PPOTorchPolicy'>", "Box([-1. -1.  0. -1. -1. -1. -1. -1. -1. -1. -1. -1.  0.  0.  0.  0.  0.  0.\n  0.  0.  0.  0. -1.  0. -1.  0.  0.  0.], [1. 1. 1. 1. 1. 1. 1. 1. 1. 1. 1. 1. 1. 1. 1. 1. 1. 1. 1. 1. 1. 1. 0. 1.\n 0. 1. 0. 1.], (28,), float32)", "Box([-1. -1. -1.], [1. 1. 1.], (3,), float32)", {"agent_id": 3}]}, "policy_map_capacity": 100, "policy_map_cache": null, "policy_mapping_fn": "<function <lambda> at 0x7fb250472040>", "policies_to_train": null, "observation_fn": null, "replay_mode": "independent", "count_steps_by": "env_steps"}, "logger_config": null, "_tf_policy_handles_more_than_one_loss": false, "_disable_preprocessor_api": false, "simple_optimizer": false, "monitor": -1, "use_critic": true, "use_gae": true, "lambda": 1.0, "kl_coeff": 0.2, "sgd_minibatch_size": 128, "shuffle_sequences": true, "num_sgd_iter": 30, "lr_schedule": null, "vf_loss_coeff": 1.0, "entropy_coeff": 0.0, "entropy_coeff_schedule": null, "clip_param": 0.3, "vf_clip_param": 10.0, "grad_clip": null, "kl_target": 0.01, "vf_share_layers": -1}, "time_since_restore": 943.3486442565918, "timesteps_since_restore": 0, "iterations_since_restore": 7, "perf": {"cpu_util_percent": 28.60353982300885, "ram_util_percent": 39.62389380530973}}
{"episode_reward_max": [312.01135636434174], "episode_reward_min": [-1116.5841271006846], "episode_reward_mean": [-80.59880731735852], "episode_len_mean": 1275.15, "episode_media": {}, "episodes_this_iter": 5, "policy_reward_min": {"pol0": [-256.95253345584496], "pol1": -745.0, "pol2": [-548.3084843158449], "pol3": [-437.6905221256814]}, "policy_reward_max": {"pol0": [171.12341294974618], "pol1": [181.65971808817446], "pol2": [31.50599813300215], "pol3": [158.4058065434541]}, "policy_reward_mean": {"pol0": [-14.38910138888782], "pol1": [-59.03858510141585], "pol2": [-10.10933701238381], "pol3": [2.938216185329005]}, "custom_metrics": {}, "hist_stats": {"episode_reward": [[6.893077569290826], [6.237665574776169], [3.5612669730115583], [14.255173138066871], [3.0582444678074285], [6.346495095822004], [12.233993404190157], [8.003770358375265], [22.382233178032795], -745.0, [-235.15209960602894], [-591.1167626560632], [13.293248372818264], [-198.62368684625082], [-676.8944819844054], [178.15821663403852], [35.32611442857552], [114.64612910923442], [189.01952979551191], [144.79482074586795], [-27.780774842340474], [235.16655637347628], [227.81235560298526], [-186.63104390177287], [312.01135636434174], [-47.190300020109134], [-7.294519000566779], [48.85611431733102], [-152.16149052209113], [271.90445344637044], [-69.77660562840413], [-496.81419841739023], [82.57308453228372], [-104.66646139984965], [17.696361961901093], [-70.25961929275704], [-459.46027857389254], [142.34189336112178], [-135.11799770696524], [-1116.5841271006846]], "episode_lengths": [1442, 1442, 1442, 1442, 1442, 1442, 1442, 1442, 1442, 1442, 1442, 1442, 1442, 1442, 1442, 1442, 1442, 1442, 1442, 1442, 1050, 1442, 1312, 1442, 1442, 787, 1254, 961, 1171, 1442, 624, 935, 973, 1060, 1442, 544, 817, 995, 1031, 1442], "policy_pol0_reward": [0.0, 0.0, 0.0, [12.79998399823927], 0.0, [14.752288828674521], 0.0, 0.0, [20.643093814003674], 0.0, [70.10230319306582], [2.340248286563747], 0.0, [-207.27271755343068], 0.0, [111.88307325781962], [24.90298757737705], [35.60893133526575], [171.12341294974618], [75.20091603884491], [-33.986737035749954], [127.52039825745956], [98.24847370505407], [-208.01985992562655], [161.5844923890902], [-49.2210910354071], [-47.38695055013035], [-53.783484566514836], [-178.30396944543614], [21.144983065927434], [-60.70163663493901], [-59.12367629170877], [-47.33164417551344], [-119.75789082350113], [91.46379172538275], [-60.15671819216714], [-59.42555327837975], [-23.899108577920796], [-149.55986243575683], [-256.95253345584496]], "policy_pol1_reward": [0.0, [1.3904318811301373], 0.0, [1.4551891398276], [3.0582444678074285], -19.0, 0.0, 0.0, [1.7391393640291226], -745.0, -337.0, -678.0, 0.0, 0.0, [-436.8687444579849], 0.0, 0.0, 0.0, 0.0, [38.71888558946525], 0.0, 0.0, -1.0, 0.0, [78.87943081766207], [10.218484753179318], 0.0, -1.0, -1.0, [181.65971808817446], [2.624378780495894], 0.0, -1.0, -1.0, [-188.42437532245336], [5.3257003521221], 0.0, -1.0, -1.0, [-275.3198875100888]], "policy_pol2_reward": [[1.0921160253960374], 0.0, 0.0, 0.0, 0.0, 0.0, 0.0, [2.4816960117465636], 0.0, 0.0, 0.0, 0.0, 0.0, [4.263516850939376], 0.0, 0.0, 0.0, [12.03408988120196], [4.228233509490901], 0.0, 0.0, 0.0, [11.2406022250876], [16.967953535296054], 0.0, [1.6740936871579337], 0.0, [8.03241295995803], [31.50599813300215], 0.0, [2.162276589897912], 0.0, [6.633210384845941], [16.09142942365135], [1.4577916012342416], 0.0, [0.4011443146149759], [8.83519539558848], [14.833243291383026], [-548.3084843158449]], "policy_pol3_reward": [[5.80096154389479], [4.847233693646031], [3.5612669730115583], 0.0, 0.0, [10.594206267147483], [12.233993404190157], [5.5220743466287], 0.0, 0.0, [31.74559720090526], [84.5429890573731], [13.293248372818264], [4.385513856240508], [-240.02573752642047], [66.27514337621903], [10.423126851198443], [67.00310789276666], [13.667883336274723], [30.87501911755789], [6.205962193409334], [107.6461581160168], [119.32327967284374], [4.420862488557489], [71.54743315758955], [-9.861787425039232], [40.09243154956356], [95.60718592388797], [-4.363519209657203], [69.09975229226842], [-13.861624363858866], [-437.6905221256814], [124.27151832295102], 0.0, [113.19915395773778], [-15.428601452712044], [-400.43586961012835], [158.4058065434541], [0.6086214374085713], [-36.0032218189034]]}, "sampler_perf": {"mean_raw_obs_processing_ms": 0.4011541409717008, "mean_inference_ms": 2.655952338117659, "mean_action_processing_ms": 0.19460254096095053, "mean_env_wait_ms": 20.03189821863092, "mean_env_render_ms": 0.0}, "off_policy_estimator": {}, "num_healthy_workers": 5, "timesteps_total": 51006, "timesteps_this_iter": 0, "agent_timesteps_total": 204024, "timers": {"sample_time_ms": 121118.396, "sample_throughput": 52.641, "load_time_ms": 18.597, "load_throughput": 342829.188, "learn_time_ms": 95369.278, "learn_throughput": 66.853, "update_time_ms": 3.228}, "info": {"learner": {"pol0": {"learner_stats": {"cur_kl_coeff": 0.30000000000000004, "cur_lr": 0.00010000000000000003, "total_loss": 7788.509464868769, "policy_loss": -0.015205852637017096, "vf_loss": 7788.522290760762, "vf_explained_var": -0.1497257337376878, "kl": 0.007455143027149945, "entropy": 4.203637612188184, "entropy_coeff": 0.0}}, "pol2": {"learner_stats": {"cur_kl_coeff": 0.09999999999999998, "cur_lr": 0.00010000000000000003, "total_loss": 58686.46982473167, "policy_loss": 0.00017416874567667643, "vf_loss": 58686.466836162086, "vf_explained_var": -0.7608048800949578, "kl": 0.024783469140417576, "entropy": 3.904233523102494, "entropy_coeff": 0.0}}, "pol3": {"learner_stats": {"cur_kl_coeff": 0.15000000000000002, "cur_lr": 0.00010000000000000003, "total_loss": 11510.748880527255, "policy_loss": -0.006748101638781058, "vf_loss": 11510.753523790514, "vf_explained_var": -0.3240361781807633, "kl": 0.013998309498345185, "entropy": 4.280858556214754, "entropy_coeff": 0.0}}, "pol1": {"learner_stats": {"cur_kl_coeff": 0.09999999999999998, "cur_lr": 0.00010000000000000003, "total_loss": 4437.664814883095, "policy_loss": -0.010551516711711884, "vf_loss": 4437.673330692235, "vf_explained_var": -0.6487146157670666, "kl": 0.019684660215077483, "entropy": 4.308370607393282, "entropy_coeff": 0.0}}}, "num_steps_sampled": 51006, "num_agent_steps_sampled": 204024, "num_steps_trained": 51006, "num_agent_steps_trained": 204024, "num_steps_trained_this_iter": 0}, "done": true, "episodes_total": 40, "training_iteration": 8, "trial_id": "2b1fc_00000", "experiment_id": "5fb4eb89b62b4dd8ade11a7a1dfab854", "date": "2022-11-28_23-46-53", "timestamp": 1669675613, "time_this_iter_s": 72.65491008758545, "time_total_s": 1016.0035543441772, "pid": 2627078, "hostname": "gmd", "node_ip": "137.204.72.171", "config": {"num_workers": 5, "num_envs_per_worker": 1, "create_env_on_driver": false, "rollout_fragment_length": 200, "batch_mode": "complete_episodes", "gamma": 0.9999, "lr": 0.0001, "train_batch_size": 4000, "model": {"_use_default_native_models": false, "_disable_preprocessor_api": false, "fcnet_hiddens": [256, 256], "fcnet_activation": "tanh", "conv_filters": null, "conv_activation": "relu", "post_fcnet_hiddens": [], "post_fcnet_activation": "relu", "free_log_std": false, "no_final_linear": false, "vf_share_layers": false, "use_lstm": false, "max_seq_len": 20, "lstm_cell_size": 256, "lstm_use_prev_action": false, "lstm_use_prev_reward": false, "_time_major": false, "use_attention": false, "attention_num_transformer_units": 1, "attention_dim": 64, "attention_num_heads": 1, "attention_head_dim": 32, "attention_memory_inference": 50, "attention_memory_training": 50, "attention_position_wise_mlp_dim": 32, "attention_init_gru_gate_bias": 2.0, "attention_use_n_prev_actions": 0, "attention_use_n_prev_rewards": 0, "framestack": true, "dim": 84, "grayscale": false, "zero_mean": true, "custom_model": null, "custom_model_config": {}, "custom_action_dist": null, "custom_preprocessor": null, "lstm_use_prev_action_reward": -1}, "optimizer": {}, "horizon": null, "soft_horizon": false, "no_done_at_end": false, "env": "ReachThePointAviary", "observation_space": null, "action_space": null, "env_config": {}, "remote_worker_envs": false, "remote_env_batch_wait_ms": 0, "env_task_fn": null, "render_env": false, "record_env": false, "clip_rewards": null, "normalize_actions": true, "clip_actions": false, "preprocessor_pref": "deepmind", "log_level": "WARN", "callbacks": "<class 'ray.rllib.agents.callbacks.DefaultCallbacks'>", "ignore_worker_failures": false, "log_sys_usage": true, "fake_sampler": false, "framework": "torch", "eager_tracing": false, "eager_max_retraces": 20, "explore": true, "exploration_config": {"type": "StochasticSampling"}, "evaluation_interval": null, "evaluation_num_episodes": 10, "evaluation_parallel_to_training": false, "in_evaluation": false, "evaluation_config": {}, "evaluation_num_workers": 0, "custom_eval_function": null, "sample_async": false, "sample_collector": "<class 'ray.rllib.evaluation.collectors.simple_list_collector.SimpleListCollector'>", "observation_filter": "NoFilter", "synchronize_filters": true, "tf_session_args": {"intra_op_parallelism_threads": 2, "inter_op_parallelism_threads": 2, "gpu_options": {"allow_growth": true}, "log_device_placement": false, "device_count": {"CPU": 1}, "allow_soft_placement": true}, "local_tf_session_args": {"intra_op_parallelism_threads": 8, "inter_op_parallelism_threads": 8}, "compress_observations": false, "collect_metrics_timeout": 180, "metrics_smoothing_episodes": 100, "min_iter_time_s": 0, "timesteps_per_iteration": 0, "seed": null, "extra_python_environs_for_driver": {}, "extra_python_environs_for_worker": {}, "num_gpus": 2, "_fake_gpus": false, "num_cpus_per_worker": 1, "num_gpus_per_worker": 0, "custom_resources_per_worker": {}, "num_cpus_for_driver": 1, "placement_strategy": "PACK", "input": "sampler", "input_config": {}, "actions_in_input_normalized": false, "input_evaluation": ["is", "wis"], "postprocess_inputs": false, "shuffle_buffer_size": 0, "output": null, "output_compress_columns": ["obs", "new_obs"], "output_max_file_size": 67108864, "multiagent": {"policies": {"pol0": ["<class 'ray.rllib.agents.ppo.ppo_torch_policy.PPOTorchPolicy'>", "Box([-1. -1.  0. -1. -1. -1. -1. -1. -1. -1. -1. -1.  0.  0.  0.  0.  0.  0.\n  0.  0.  0.  0. -1.  0. -1.  0.  0.  0.], [1. 1. 1. 1. 1. 1. 1. 1. 1. 1. 1. 1. 1. 1. 1. 1. 1. 1. 1. 1. 1. 1. 0. 1.\n 0. 1. 0. 1.], (28,), float32)", "Box([-1. -1. -1.], [1. 1. 1.], (3,), float32)", {"agent_id": 0}], "pol1": ["<class 'ray.rllib.agents.ppo.ppo_torch_policy.PPOTorchPolicy'>", "Box([-1. -1.  0. -1. -1. -1. -1. -1. -1. -1. -1. -1.  0.  0.  0.  0.  0.  0.\n  0.  0.  0.  0. -1.  0. -1.  0.  0.  0.], [1. 1. 1. 1. 1. 1. 1. 1. 1. 1. 1. 1. 1. 1. 1. 1. 1. 1. 1. 1. 1. 1. 0. 1.\n 0. 1. 0. 1.], (28,), float32)", "Box([-1. -1. -1.], [1. 1. 1.], (3,), float32)", {"agent_id": 1}], "pol2": ["<class 'ray.rllib.agents.ppo.ppo_torch_policy.PPOTorchPolicy'>", "Box([-1. -1.  0. -1. -1. -1. -1. -1. -1. -1. -1. -1.  0.  0.  0.  0.  0.  0.\n  0.  0.  0.  0. -1.  0. -1.  0.  0.  0.], [1. 1. 1. 1. 1. 1. 1. 1. 1. 1. 1. 1. 1. 1. 1. 1. 1. 1. 1. 1. 1. 1. 0. 1.\n 0. 1. 0. 1.], (28,), float32)", "Box([-1. -1. -1.], [1. 1. 1.], (3,), float32)", {"agent_id": 2}], "pol3": ["<class 'ray.rllib.agents.ppo.ppo_torch_policy.PPOTorchPolicy'>", "Box([-1. -1.  0. -1. -1. -1. -1. -1. -1. -1. -1. -1.  0.  0.  0.  0.  0.  0.\n  0.  0.  0.  0. -1.  0. -1.  0.  0.  0.], [1. 1. 1. 1. 1. 1. 1. 1. 1. 1. 1. 1. 1. 1. 1. 1. 1. 1. 1. 1. 1. 1. 0. 1.\n 0. 1. 0. 1.], (28,), float32)", "Box([-1. -1. -1.], [1. 1. 1.], (3,), float32)", {"agent_id": 3}]}, "policy_map_capacity": 100, "policy_map_cache": null, "policy_mapping_fn": "<function <lambda> at 0x7fb2503b2ca0>", "policies_to_train": null, "observation_fn": null, "replay_mode": "independent", "count_steps_by": "env_steps"}, "logger_config": null, "_tf_policy_handles_more_than_one_loss": false, "_disable_preprocessor_api": false, "simple_optimizer": false, "monitor": -1, "use_critic": true, "use_gae": true, "lambda": 1.0, "kl_coeff": 0.2, "sgd_minibatch_size": 128, "shuffle_sequences": true, "num_sgd_iter": 30, "lr_schedule": null, "vf_loss_coeff": 1.0, "entropy_coeff": 0.0, "entropy_coeff_schedule": null, "clip_param": 0.3, "vf_clip_param": 10.0, "grad_clip": null, "kl_target": 0.01, "vf_share_layers": -1}, "time_since_restore": 1016.0035543441772, "timesteps_since_restore": 0, "iterations_since_restore": 8, "perf": {"cpu_util_percent": 21.575961538461538, "ram_util_percent": 36.57115384615385}}
