{
  "batch_mode": "complete_episodes",
  "env": "ReachThePointAviary",
  "framework": "torch",
  "gamma": 0.9999,
  "lr": 0.0001,
  "multiagent": {
    "policies": {
      "pol0": [
        null,
        "Box([-1. -1.  0. -1. -1. -1. -1. -1. -1. -1. -1. -1.  0.  0.  0.  0.  0.  0.\n  0.  0.  0.  0. -1.  0. -1.  0.  0.  0.], [1. 1. 1. 1. 1. 1. 1. 1. 1. 1. 1. 1. 1. 1. 1. 1. 1. 1. 1. 1. 1. 1. 0. 1.\n 0. 1. 0. 1.], (28,), float32)",
        "Box([-1. -1. -1.], [1. 1. 1.], (3,), float32)",
        {
          "agent_id": 0
        }
      ],
      "pol1": [
        null,
        "Box([-1. -1.  0. -1. -1. -1. -1. -1. -1. -1. -1. -1.  0.  0.  0.  0.  0.  0.\n  0.  0.  0.  0. -1.  0. -1.  0.  0.  0.], [1. 1. 1. 1. 1. 1. 1. 1. 1. 1. 1. 1. 1. 1. 1. 1. 1. 1. 1. 1. 1. 1. 0. 1.\n 0. 1. 0. 1.], (28,), float32)",
        "Box([-1. -1. -1.], [1. 1. 1.], (3,), float32)",
        {
          "agent_id": 1
        }
      ],
      "pol2": [
        null,
        "Box([-1. -1.  0. -1. -1. -1. -1. -1. -1. -1. -1. -1.  0.  0.  0.  0.  0.  0.\n  0.  0.  0.  0. -1.  0. -1.  0.  0.  0.], [1. 1. 1. 1. 1. 1. 1. 1. 1. 1. 1. 1. 1. 1. 1. 1. 1. 1. 1. 1. 1. 1. 0. 1.\n 0. 1. 0. 1.], (28,), float32)",
        "Box([-1. -1. -1.], [1. 1. 1.], (3,), float32)",
        {
          "agent_id": 2
        }
      ],
      "pol3": [
        null,
        "Box([-1. -1.  0. -1. -1. -1. -1. -1. -1. -1. -1. -1.  0.  0.  0.  0.  0.  0.\n  0.  0.  0.  0. -1.  0. -1.  0.  0.  0.], [1. 1. 1. 1. 1. 1. 1. 1. 1. 1. 1. 1. 1. 1. 1. 1. 1. 1. 1. 1. 1. 1. 0. 1.\n 0. 1. 0. 1.], (28,), float32)",
        "Box([-1. -1. -1.], [1. 1. 1.], (3,), float32)",
        {
          "agent_id": 3
        }
      ]
    },
    "policy_mapping_fn": "<function <lambda> at 0x7f2c1b943790>"
  },
  "num_gpus": 2,
  "num_workers": 5,
  "preprocessor_pref": "deepmind"
}