{"episode_reward_max": [35.10512604929218], "episode_reward_min": [17.14439029315871], "episode_reward_mean": 25.08242133074633, "episode_len_mean": 2882.0, "episode_media": {}, "episodes_this_iter": 5, "policy_reward_min": {"pol0": 0.0, "pol1": 0.0, "pol2": 0.0, "pol3": 1.7323952274926493}, "policy_reward_max": {"pol0": [13.971218374641687], "pol1": [10.415411641179762], "pol2": [14.667534054262978], "pol3": 9.505964371888199}, "policy_reward_mean": {"pol0": [7.399385206182072], "pol1": [4.199219247061364], "pol2": [7.84137507749268], "pol3": 5.64244180001022}, "custom_metrics": {}, "hist_stats": {"episode_reward": [[17.14439029315871], [29.381744892306735], [18.676574243136532], [35.10512604929218], [25.10427117583749]], "episode_lengths": [2882, 2882, 2882, 2882, 2882], "policy_pol0_reward": [[6.254533908030373], 0.0, [9.17060987124834], [7.6005638769899555], [13.971218374641687]], "policy_pol1_reward": [[4.0408474469144124], [10.415411641179762], 0.0, [3.9844766709135606], [2.555360476299081]], "policy_pol2_reward": [[5.116613710721273], [14.421996104065242], 0.0, [14.667534054262978], [5.000731518413905]], "policy_pol3_reward": [[1.7323952274926493], [4.544337147061726], [9.505964371888199], [8.85255144712571], [3.576960806482808]]}, "sampler_perf": {"mean_raw_obs_processing_ms": 0.37204694135958977, "mean_inference_ms": 3.0388030251652838, "mean_action_processing_ms": 0.22413701677008135, "mean_env_wait_ms": 24.206392177061783, "mean_env_render_ms": 0.0}, "off_policy_estimator": {}, "num_healthy_workers": 5, "timesteps_total": 14410, "timesteps_this_iter": 0, "agent_timesteps_total": 57640, "timers": {"sample_time_ms": 81288.72, "sample_throughput": 177.269, "load_time_ms": 21.526, "load_throughput": 669434.797, "learn_time_ms": 223062.677, "learn_throughput": 64.601, "update_time_ms": 3.834}, "info": {"learner": {"pol2": {"learner_stats": {"cur_kl_coeff": 0.2, "cur_lr": 0.00010000000000000002, "total_loss": 22.33029011726335, "policy_loss": -0.008723472819353144, "vf_loss": 22.337893107421646, "vf_explained_var": -0.6816224855947353, "kl": 0.005602493620506042, "entropy": 4.272092250557173, "entropy_coeff": 0.0}}, "pol3": {"learner_stats": {"cur_kl_coeff": 0.2, "cur_lr": 0.00010000000000000002, "total_loss": 8.602369398098173, "policy_loss": -0.0011829527072785865, "vf_loss": 8.60301426941809, "vf_explained_var": -0.895901079671014, "kl": 0.002690422217954438, "entropy": 4.265488440366019, "entropy_coeff": 0.0}}, "pol1": {"learner_stats": {"cur_kl_coeff": 0.2, "cur_lr": 0.00010000000000000002, "total_loss": 5.933738938809672, "policy_loss": -0.006190621484780595, "vf_loss": 5.939022978887338, "vf_explained_var": -0.92064568569795, "kl": 0.004532909045643483, "entropy": 4.229802196366446, "entropy_coeff": 0.0}}, "pol0": {"learner_stats": {"cur_kl_coeff": 0.2, "cur_lr": 0.00010000000000000002, "total_loss": 12.308287956743014, "policy_loss": -0.00433266036256793, "vf_loss": 12.311751208872536, "vf_explained_var": -0.7795872746390247, "kl": 0.004346992758017086, "entropy": 4.24335511184874, "entropy_coeff": 0.0}}}, "num_steps_sampled": 14410, "num_agent_steps_sampled": 57640, "num_steps_trained": 14410, "num_agent_steps_trained": 57640}, "done": false, "episodes_total": 5, "training_iteration": 1, "trial_id": "ccfd0_00000", "experiment_id": "8aec51c6fd7d4c55ba664614c029410b", "date": "2022-11-28_22-56-35", "timestamp": 1669672595, "time_this_iter_s": 304.3841202259064, "time_total_s": 304.3841202259064, "pid": 1812426, "hostname": "gmd", "node_ip": "137.204.72.171", "config": {"num_workers": 5, "num_envs_per_worker": 1, "create_env_on_driver": false, "rollout_fragment_length": 200, "batch_mode": "complete_episodes", "gamma": 0.9999, "lr": 0.0001, "train_batch_size": 4000, "model": {"_use_default_native_models": false, "_disable_preprocessor_api": false, "fcnet_hiddens": [256, 256], "fcnet_activation": "tanh", "conv_filters": null, "conv_activation": "relu", "post_fcnet_hiddens": [], "post_fcnet_activation": "relu", "free_log_std": false, "no_final_linear": false, "vf_share_layers": false, "use_lstm": false, "max_seq_len": 20, "lstm_cell_size": 256, "lstm_use_prev_action": false, "lstm_use_prev_reward": false, "_time_major": false, "use_attention": false, "attention_num_transformer_units": 1, "attention_dim": 64, "attention_num_heads": 1, "attention_head_dim": 32, "attention_memory_inference": 50, "attention_memory_training": 50, "attention_position_wise_mlp_dim": 32, "attention_init_gru_gate_bias": 2.0, "attention_use_n_prev_actions": 0, "attention_use_n_prev_rewards": 0, "framestack": true, "dim": 84, "grayscale": false, "zero_mean": true, "custom_model": null, "custom_model_config": {}, "custom_action_dist": null, "custom_preprocessor": null, "lstm_use_prev_action_reward": -1}, "optimizer": {}, "horizon": null, "soft_horizon": false, "no_done_at_end": false, "env": "ReachThePointAviary", "observation_space": null, "action_space": null, "env_config": {}, "remote_worker_envs": false, "remote_env_batch_wait_ms": 0, "env_task_fn": null, "render_env": false, "record_env": false, "clip_rewards": null, "normalize_actions": true, "clip_actions": false, "preprocessor_pref": "deepmind", "log_level": "WARN", "callbacks": "<class 'ray.rllib.agents.callbacks.DefaultCallbacks'>", "ignore_worker_failures": false, "log_sys_usage": true, "fake_sampler": false, "framework": "torch", "eager_tracing": false, "eager_max_retraces": 20, "explore": true, "exploration_config": {"type": "StochasticSampling"}, "evaluation_interval": null, "evaluation_num_episodes": 10, "evaluation_parallel_to_training": false, "in_evaluation": false, "evaluation_config": {}, "evaluation_num_workers": 0, "custom_eval_function": null, "sample_async": false, "sample_collector": "<class 'ray.rllib.evaluation.collectors.simple_list_collector.SimpleListCollector'>", "observation_filter": "NoFilter", "synchronize_filters": true, "tf_session_args": {"intra_op_parallelism_threads": 2, "inter_op_parallelism_threads": 2, "gpu_options": {"allow_growth": true}, "log_device_placement": false, "device_count": {"CPU": 1}, "allow_soft_placement": true}, "local_tf_session_args": {"intra_op_parallelism_threads": 8, "inter_op_parallelism_threads": 8}, "compress_observations": false, "collect_metrics_timeout": 180, "metrics_smoothing_episodes": 100, "min_iter_time_s": 0, "timesteps_per_iteration": 0, "seed": null, "extra_python_environs_for_driver": {}, "extra_python_environs_for_worker": {}, "num_gpus": 2, "_fake_gpus": false, "num_cpus_per_worker": 1, "num_gpus_per_worker": 0, "custom_resources_per_worker": {}, "num_cpus_for_driver": 1, "placement_strategy": "PACK", "input": "sampler", "input_config": {}, "actions_in_input_normalized": false, "input_evaluation": ["is", "wis"], "postprocess_inputs": false, "shuffle_buffer_size": 0, "output": null, "output_compress_columns": ["obs", "new_obs"], "output_max_file_size": 67108864, "multiagent": {"policies": {"pol0": ["<class 'ray.rllib.agents.ppo.ppo_torch_policy.PPOTorchPolicy'>", "Box([-1. -1.  0. -1. -1. -1. -1. -1. -1. -1. -1. -1.  0.  0.  0.  0.  0.  0.\n  0.  0.  0.  0. -1.  0. -1.  0.  0.  0.], [1. 1. 1. 1. 1. 1. 1. 1. 1. 1. 1. 1. 1. 1. 1. 1. 1. 1. 1. 1. 1. 1. 0. 1.\n 0. 1. 0. 1.], (28,), float32)", "Box([-1. -1. -1.], [1. 1. 1.], (3,), float32)", {"agent_id": 0}], "pol1": ["<class 'ray.rllib.agents.ppo.ppo_torch_policy.PPOTorchPolicy'>", "Box([-1. -1.  0. -1. -1. -1. -1. -1. -1. -1. -1. -1.  0.  0.  0.  0.  0.  0.\n  0.  0.  0.  0. -1.  0. -1.  0.  0.  0.], [1. 1. 1. 1. 1. 1. 1. 1. 1. 1. 1. 1. 1. 1. 1. 1. 1. 1. 1. 1. 1. 1. 0. 1.\n 0. 1. 0. 1.], (28,), float32)", "Box([-1. -1. -1.], [1. 1. 1.], (3,), float32)", {"agent_id": 1}], "pol2": ["<class 'ray.rllib.agents.ppo.ppo_torch_policy.PPOTorchPolicy'>", "Box([-1. -1.  0. -1. -1. -1. -1. -1. -1. -1. -1. -1.  0.  0.  0.  0.  0.  0.\n  0.  0.  0.  0. -1.  0. -1.  0.  0.  0.], [1. 1. 1. 1. 1. 1. 1. 1. 1. 1. 1. 1. 1. 1. 1. 1. 1. 1. 1. 1. 1. 1. 0. 1.\n 0. 1. 0. 1.], (28,), float32)", "Box([-1. -1. -1.], [1. 1. 1.], (3,), float32)", {"agent_id": 2}], "pol3": ["<class 'ray.rllib.agents.ppo.ppo_torch_policy.PPOTorchPolicy'>", "Box([-1. -1.  0. -1. -1. -1. -1. -1. -1. -1. -1. -1.  0.  0.  0.  0.  0.  0.\n  0.  0.  0.  0. -1.  0. -1.  0.  0.  0.], [1. 1. 1. 1. 1. 1. 1. 1. 1. 1. 1. 1. 1. 1. 1. 1. 1. 1. 1. 1. 1. 1. 0. 1.\n 0. 1. 0. 1.], (28,), float32)", "Box([-1. -1. -1.], [1. 1. 1.], (3,), float32)", {"agent_id": 3}]}, "policy_map_capacity": 100, "policy_map_cache": null, "policy_mapping_fn": "<function <lambda> at 0x7f2c1bbf6ee0>", "policies_to_train": null, "observation_fn": null, "replay_mode": "independent", "count_steps_by": "env_steps"}, "logger_config": null, "_tf_policy_handles_more_than_one_loss": false, "_disable_preprocessor_api": false, "simple_optimizer": false, "monitor": -1, "use_critic": true, "use_gae": true, "lambda": 1.0, "kl_coeff": 0.2, "sgd_minibatch_size": 128, "shuffle_sequences": true, "num_sgd_iter": 30, "lr_schedule": null, "vf_loss_coeff": 1.0, "entropy_coeff": 0.0, "entropy_coeff_schedule": null, "clip_param": 0.3, "vf_clip_param": 10.0, "grad_clip": null, "kl_target": 0.01, "vf_share_layers": -1}, "time_since_restore": 304.3841202259064, "timesteps_since_restore": 0, "iterations_since_restore": 1, "perf": {"cpu_util_percent": 43.27747126436781, "ram_util_percent": 52.26712643678161}}
{"episode_reward_max": [302.4066459014033], "episode_reward_min": [-41.37639305018828], "episode_reward_mean": 80.31458335899433, "episode_len_mean": 2882.0, "episode_media": {}, "episodes_this_iter": 5, "policy_reward_min": {"pol0": 0.0, "pol1": [-156.47806591844372], "pol2": 0.0, "pol3": 1.0912076294206228}, "policy_reward_max": {"pol0": [128.03652589243436], "pol1": [104.50219153606197], "pol2": [189.0092319265695], "pol3": 51.927621113825104}, "policy_reward_mean": {"pol0": [31.015857399686062], "pol1": [-2.4789080714427625], "pol2": [41.271518616699254], "pol3": 10.506115414051685}, "custom_metrics": {}, "hist_stats": {"episode_reward": [[17.14439029315871], [29.381744892306735], [18.676574243136532], [35.10512604929218], [25.10427117583749], [54.69011248292608], [209.36793654668665], [152.64542505538384], [302.4066459014033], [-41.37639305018828]], "episode_lengths": [2882, 2882, 2882, 2882, 2882, 2882, 2882, 2882, 2882, 2882], "policy_pol0_reward": [[6.254533908030373], 0.0, [9.17060987124834], [7.6005638769899555], [13.971218374641687], [17.348997284943444], [29.755117143222478], [128.03652589243436], [61.18967247131447], [36.83133517403554]], "policy_pol1_reward": [[4.0408474469144124], [10.415411641179762], 0.0, [3.9844766709135606], [2.555360476299081], [5.910577042953689], [104.50219153606197], 0.0, [0.2801203896936144], [-156.47806591844372]], "policy_pol2_reward": [[5.116613710721273], [14.421996104065242], 0.0, [14.667534054262978], [5.000731518413905], [30.339330525608297], [62.74743934740945], [15.713854172858863], [189.0092319265695], [75.6984548070831]], "policy_pol3_reward": [[1.7323952274926493], [4.544337147061726], [9.505964371888199], [8.85255144712571], [3.576960806482808], [1.0912076294206228], [12.36318851999273], [8.895044990090602], [51.927621113825104], [2.57188288713671]]}, "sampler_perf": {"mean_raw_obs_processing_ms": 0.3641573806281654, "mean_inference_ms": 2.9437460145908205, "mean_action_processing_ms": 0.21703332380768772, "mean_env_wait_ms": 23.30577444704462, "mean_env_render_ms": 0.0}, "off_policy_estimator": {}, "num_healthy_workers": 5, "timesteps_total": 28820, "timesteps_this_iter": 0, "agent_timesteps_total": 115280, "timers": {"sample_time_ms": 187570.144, "sample_throughput": 76.825, "load_time_ms": 18.014, "load_throughput": 799919.54, "learn_time_ms": 241984.535, "learn_throughput": 59.549, "update_time_ms": 3.922}, "info": {"learner": {"pol2": {"learner_stats": {"cur_kl_coeff": 0.2, "cur_lr": 0.00010000000000000002, "total_loss": 2914.871395650648, "policy_loss": -0.009130651428408566, "vf_loss": 2914.879419998612, "vf_explained_var": -0.32222843160409304, "kl": 0.005558955164532107, "entropy": 4.251607377330462, "entropy_coeff": 0.0}}, "pol3": {"learner_stats": {"cur_kl_coeff": 0.1, "cur_lr": 0.00010000000000000002, "total_loss": 87.61787716338323, "policy_loss": -0.003981550931487055, "vf_loss": 87.62133638149216, "vf_explained_var": -0.9235973806519594, "kl": 0.005225267017591588, "entropy": 4.267930925034341, "entropy_coeff": 0.0}}, "pol1": {"learner_stats": {"cur_kl_coeff": 0.1, "cur_lr": 0.00010000000000000002, "total_loss": 2841.577945757959, "policy_loss": -0.004134399042509142, "vf_loss": 2841.5813592078784, "vf_explained_var": -0.9177428200929647, "kl": 0.007333153472009902, "entropy": 4.243959405450594, "entropy_coeff": 0.0}}, "pol0": {"learner_stats": {"cur_kl_coeff": 0.1, "cur_lr": 0.00010000000000000002, "total_loss": 1539.5183905243873, "policy_loss": 0.001029034127436933, "vf_loss": 1539.5168053030968, "vf_explained_var": -0.22387245952905643, "kl": 0.005602144496993286, "entropy": 4.2188280341171085, "entropy_coeff": 0.0}}}, "num_steps_sampled": 28820, "num_agent_steps_sampled": 115280, "num_steps_trained": 28820, "num_agent_steps_trained": 115280, "num_steps_trained_this_iter": 0}, "done": true, "episodes_total": 10, "training_iteration": 2, "trial_id": "ccfd0_00000", "experiment_id": "8aec51c6fd7d4c55ba664614c029410b", "date": "2022-11-28_23-02-07", "timestamp": 1669672927, "time_this_iter_s": 331.6565589904785, "time_total_s": 636.0406792163849, "pid": 1812426, "hostname": "gmd", "node_ip": "137.204.72.171", "config": {"num_workers": 5, "num_envs_per_worker": 1, "create_env_on_driver": false, "rollout_fragment_length": 200, "batch_mode": "complete_episodes", "gamma": 0.9999, "lr": 0.0001, "train_batch_size": 4000, "model": {"_use_default_native_models": false, "_disable_preprocessor_api": false, "fcnet_hiddens": [256, 256], "fcnet_activation": "tanh", "conv_filters": null, "conv_activation": "relu", "post_fcnet_hiddens": [], "post_fcnet_activation": "relu", "free_log_std": false, "no_final_linear": false, "vf_share_layers": false, "use_lstm": false, "max_seq_len": 20, "lstm_cell_size": 256, "lstm_use_prev_action": false, "lstm_use_prev_reward": false, "_time_major": false, "use_attention": false, "attention_num_transformer_units": 1, "attention_dim": 64, "attention_num_heads": 1, "attention_head_dim": 32, "attention_memory_inference": 50, "attention_memory_training": 50, "attention_position_wise_mlp_dim": 32, "attention_init_gru_gate_bias": 2.0, "attention_use_n_prev_actions": 0, "attention_use_n_prev_rewards": 0, "framestack": true, "dim": 84, "grayscale": false, "zero_mean": true, "custom_model": null, "custom_model_config": {}, "custom_action_dist": null, "custom_preprocessor": null, "lstm_use_prev_action_reward": -1}, "optimizer": {}, "horizon": null, "soft_horizon": false, "no_done_at_end": false, "env": "ReachThePointAviary", "observation_space": null, "action_space": null, "env_config": {}, "remote_worker_envs": false, "remote_env_batch_wait_ms": 0, "env_task_fn": null, "render_env": false, "record_env": false, "clip_rewards": null, "normalize_actions": true, "clip_actions": false, "preprocessor_pref": "deepmind", "log_level": "WARN", "callbacks": "<class 'ray.rllib.agents.callbacks.DefaultCallbacks'>", "ignore_worker_failures": false, "log_sys_usage": true, "fake_sampler": false, "framework": "torch", "eager_tracing": false, "eager_max_retraces": 20, "explore": true, "exploration_config": {"type": "StochasticSampling"}, "evaluation_interval": null, "evaluation_num_episodes": 10, "evaluation_parallel_to_training": false, "in_evaluation": false, "evaluation_config": {}, "evaluation_num_workers": 0, "custom_eval_function": null, "sample_async": false, "sample_collector": "<class 'ray.rllib.evaluation.collectors.simple_list_collector.SimpleListCollector'>", "observation_filter": "NoFilter", "synchronize_filters": true, "tf_session_args": {"intra_op_parallelism_threads": 2, "inter_op_parallelism_threads": 2, "gpu_options": {"allow_growth": true}, "log_device_placement": false, "device_count": {"CPU": 1}, "allow_soft_placement": true}, "local_tf_session_args": {"intra_op_parallelism_threads": 8, "inter_op_parallelism_threads": 8}, "compress_observations": false, "collect_metrics_timeout": 180, "metrics_smoothing_episodes": 100, "min_iter_time_s": 0, "timesteps_per_iteration": 0, "seed": null, "extra_python_environs_for_driver": {}, "extra_python_environs_for_worker": {}, "num_gpus": 2, "_fake_gpus": false, "num_cpus_per_worker": 1, "num_gpus_per_worker": 0, "custom_resources_per_worker": {}, "num_cpus_for_driver": 1, "placement_strategy": "PACK", "input": "sampler", "input_config": {}, "actions_in_input_normalized": false, "input_evaluation": ["is", "wis"], "postprocess_inputs": false, "shuffle_buffer_size": 0, "output": null, "output_compress_columns": ["obs", "new_obs"], "output_max_file_size": 67108864, "multiagent": {"policies": {"pol0": ["<class 'ray.rllib.agents.ppo.ppo_torch_policy.PPOTorchPolicy'>", "Box([-1. -1.  0. -1. -1. -1. -1. -1. -1. -1. -1. -1.  0.  0.  0.  0.  0.  0.\n  0.  0.  0.  0. -1.  0. -1.  0.  0.  0.], [1. 1. 1. 1. 1. 1. 1. 1. 1. 1. 1. 1. 1. 1. 1. 1. 1. 1. 1. 1. 1. 1. 0. 1.\n 0. 1. 0. 1.], (28,), float32)", "Box([-1. -1. -1.], [1. 1. 1.], (3,), float32)", {"agent_id": 0}], "pol1": ["<class 'ray.rllib.agents.ppo.ppo_torch_policy.PPOTorchPolicy'>", "Box([-1. -1.  0. -1. -1. -1. -1. -1. -1. -1. -1. -1.  0.  0.  0.  0.  0.  0.\n  0.  0.  0.  0. -1.  0. -1.  0.  0.  0.], [1. 1. 1. 1. 1. 1. 1. 1. 1. 1. 1. 1. 1. 1. 1. 1. 1. 1. 1. 1. 1. 1. 0. 1.\n 0. 1. 0. 1.], (28,), float32)", "Box([-1. -1. -1.], [1. 1. 1.], (3,), float32)", {"agent_id": 1}], "pol2": ["<class 'ray.rllib.agents.ppo.ppo_torch_policy.PPOTorchPolicy'>", "Box([-1. -1.  0. -1. -1. -1. -1. -1. -1. -1. -1. -1.  0.  0.  0.  0.  0.  0.\n  0.  0.  0.  0. -1.  0. -1.  0.  0.  0.], [1. 1. 1. 1. 1. 1. 1. 1. 1. 1. 1. 1. 1. 1. 1. 1. 1. 1. 1. 1. 1. 1. 0. 1.\n 0. 1. 0. 1.], (28,), float32)", "Box([-1. -1. -1.], [1. 1. 1.], (3,), float32)", {"agent_id": 2}], "pol3": ["<class 'ray.rllib.agents.ppo.ppo_torch_policy.PPOTorchPolicy'>", "Box([-1. -1.  0. -1. -1. -1. -1. -1. -1. -1. -1. -1.  0.  0.  0.  0.  0.  0.\n  0.  0.  0.  0. -1.  0. -1.  0.  0.  0.], [1. 1. 1. 1. 1. 1. 1. 1. 1. 1. 1. 1. 1. 1. 1. 1. 1. 1. 1. 1. 1. 1. 0. 1.\n 0. 1. 0. 1.], (28,), float32)", "Box([-1. -1. -1.], [1. 1. 1.], (3,), float32)", {"agent_id": 3}]}, "policy_map_capacity": 100, "policy_map_cache": null, "policy_mapping_fn": "<function <lambda> at 0x7f2cf2058550>", "policies_to_train": null, "observation_fn": null, "replay_mode": "independent", "count_steps_by": "env_steps"}, "logger_config": null, "_tf_policy_handles_more_than_one_loss": false, "_disable_preprocessor_api": false, "simple_optimizer": false, "monitor": -1, "use_critic": true, "use_gae": true, "lambda": 1.0, "kl_coeff": 0.2, "sgd_minibatch_size": 128, "shuffle_sequences": true, "num_sgd_iter": 30, "lr_schedule": null, "vf_loss_coeff": 1.0, "entropy_coeff": 0.0, "entropy_coeff_schedule": null, "clip_param": 0.3, "vf_clip_param": 10.0, "grad_clip": null, "kl_target": 0.01, "vf_share_layers": -1}, "time_since_restore": 636.0406792163849, "timesteps_since_restore": 0, "iterations_since_restore": 2, "perf": {"cpu_util_percent": 42.48604651162791, "ram_util_percent": 49.34186046511629}}
